Date,Dist1,Dist2,Dist3,Dist4,Dist5,Avg Dist (cm),Temp (C),Humidity,Pressure,Voltage,Current (mA),Power (mW)
12/1/2025 12:40,49.03,40.9,36.14,50.11,48.21,44.88,14.63,60.11,1025.03,8.36,52.1,436
12/1/2025 12:45,16.67,15.69,16.02,16.02,16.02,16.08,15.88,58.37,1024.99,8.37,52.5,440
12/1/2025 13:00,119.93,119.95,120.77,120.75,120.77,120.43,17.03,55.03,1025.02,8.39,28.5,240
12/1/2025 13:15,120.77,119.48,119.47,119.96,119.14,119.77,17.07,54.79,1025.08,8.39,29.1,246
12/1/2025 13:30,119.95,119.95,119.95,119.96,120.87,120.14,16.9,55,1025.01,8.39,29,242
12/1/2025 13:45,120.75,120.39,120.34,120.32,120.36,120.43,16.7,55.82,1024.73,8.39,29.3,246
12/1/2025 14:00,119.54,119.5,119.52,120.41,120.51,119.9,16.57,56.3,1024.43,8.39,29.2,246
12/1/2025 14:15,119.54,119.54,119.52,119.52,119.62,119.55,16.32,56.63,1024.19,8.38,29.3,246
12/1/2025 14:30,119.96,119.96,119.96,120,119.98,119.97,16.11,56.51,1024.12,8.38,29,250
12/1/2025 14:45,121.25,120.41,121.25,121.25,121.27,121.09,15.87,57.03,1024.21,8.38,29.2,246
12/1/2025 15:00,122.62,122.26,121.78,121.35,121.37,121.88,15.73,57.07,1024.43,8.38,28.8,242
12/1/2025 15:15,121.01,121.03,121.01,121.87,121.01,121.19,15.24,57.43,1024.5,8.37,29.6,250
12/1/2025 15:30,120.2,120.19,120.65,120.65,120.2,120.38,14.78,58.6,1024.32,8.37,28.7,240
12/1/2025 15:45,119.86,120.29,120.31,120.29,120.29,120.21,14.31,60.42,1024.07,8.36,29.4,250
12/1/2025 16:00,121.16,121.15,124.58,121.59,122.49,122.19,13.91,61.88,1024.43,8.36,28.8,240
12/1/2025 16:15,122.49,122.06,122.5,122.49,121.59,122.22,13.51,63.4,1024.57,8.36,28.9,242
12/1/2025 16:30,122.49,122.45,121.59,122.02,122.02,122.11,13.31,66.59,1024.56,8.36,29.3,246
12/1/2025 16:45,120.79,120.77,120.34,120.32,120.77,120.6,13.11,65.27,1024.27,8.35,28.8,246
12/1/2025 17:00,122.13,120.51,121.7,122.13,121.34,121.56,12.84,67.73,1024,8.35,28.8,242
12/1/2025 17:15,120.29,120.72,120.63,120.63,120.63,120.58,12.59,67.9,1023.82,8.35,28.2,246
12/1/2025 17:30,117.63,117.65,117.77,117.67,117.65,117.67,12.36,70.87,1023.7,8.34,29.4,246
12/1/2025 17:45,115.32,115.32,115.3,115.32,115.42,115.33,12.25,70.46,1023.93,8.34,28.6,240
12/1/2025 18:00,113.16,112.8,112.8,113.22,112.78,112.95,12.1,69.65,1023.89,8.34,28.9,242
12/1/2025 18:15,111.27,111.37,111.29,111.29,111.35,111.31,11.91,72.45,1023.53,8.33,28,242
12/1/2025 18:30,110,110,109.98,110.02,109.9,109.98,11.87,71.85,1023.58,8.33,28.9,246
12/1/2025 18:45,109.74,109.73,109.73,109.64,109.62,109.69,11.83,73.02,1023.23,8.32,29.4,246
12/1/2025 19:00,110.79,110.74,110.74,110.74,110.7,110.74,11.8,73.58,1023.08,8.32,29,242
12/1/2025 19:15,113.41,113.43,113.29,113.31,113.31,113.35,11.82,73.68,1023.11,8.32,29.1,246
12/1/2025 19:30,117.41,117.49,117.51,117.49,117.51,117.48,11.84,73.12,1022.94,8.32,28.7,240
12/1/2025 19:45,122.21,122.62,122.61,122.62,122.66,122.54,11.85,74.64,1022.63,8.31,29.3,242
12/1/2025 20:01,124.35,124.8,124.35,123.48,123.91,124.18,11.91,73.87,1022.69,8.31,28.8,240
12/1/2025 20:16,125.25,125.25,124.7,124.35,124.8,124.87,11.99,72.32,1022.71,8.3,29.1,242
12/1/2025 20:31,124.42,123.98,123.99,124.44,124.42,124.25,12.03,73.25,1022.53,8.3,28.7,240
12/1/2025 20:46,123.53,124.35,123.53,123.55,124.37,123.87,12.08,71.8,1022.33,8.3,29.1,242
12/1/2025 21:01,123.55,123.98,124.41,123.53,123.98,123.89,12.07,71.82,1022.13,8.3,28.8,240
12/1/2025 21:16,124.42,123.6,124.44,124.46,124.42,124.27,12.03,73,1021.62,8.29,29,240
12/1/2025 21:31,125.33,125.71,125.61,125.71,125.28,125.53,11.94,72.63,1021.6,8.29,28.8,240
12/1/2025 21:46,126.52,125.62,125.13,126.05,126.07,125.88,11.95,72.76,1021.29,8.28,29.1,242
12/1/2025 22:01,132.91,132.9,126.02,133.34,126.14,130.26,12.04,72.29,1021.28,8.28,28.5,236
12/1/2025 22:16,132.47,126.52,132.11,132.43,132.43,131.19,12.12,73.03,1021.04,8.28,29.1,242
12/1/2025 22:31,132.48,132.02,132.04,131.57,131.57,131.94,12.18,72.25,1020.83,8.28,28.5,236
12/1/2025 22:46,132.47,132.45,132.47,132.45,132.11,132.39,12.19,72.78,1020.42,8.27,28.8,240
12/1/2025 23:01,132.02,132,131.54,131.56,131.52,131.73,12.19,73.25,1020.14,8.27,28.8,240
12/1/2025 23:16,125.28,125.69,125.98,132.48,126.86,127.26,12.15,73.24,1019.73,8.27,28.9,240
12/1/2025 23:31,132.91,133,132.98,132.91,132.19,132.8,12.16,73.22,1019.64,8.26,29.1,242
12/1/2025 23:46,132.48,131.64,132.93,132.9,133.02,132.59,12.14,72.53,1019.25,8.26,28.5,242
12/2/2025 0:01,132.57,132.55,133.38,133.38,132.69,132.91,12.1,72.68,1019.11,8.25,28.6,236
12/2/2025 0:16,133.05,132.59,133.43,133.03,132.71,132.96,11.99,72.74,1018.63,8.26,28.3,242
12/2/2025 0:31,133.02,132.59,132.55,132.57,133.12,132.77,11.88,72.61,1018.24,8.25,29,240
12/2/2025 0:46,133.19,131.95,132.36,127.61,132.4,131.5,11.81,73.53,1017.94,8.25,28.6,236
12/2/2025 1:01,132.57,132.12,132.12,126.53,131.68,131.01,11.75,72.53,1017.83,8.24,28.4,232
12/2/2025 1:16,131.06,130.55,130.49,130.49,131.76,130.87,11.55,73.24,1017.49,8.24,28.3,236
12/2/2025 1:31,132.71,132.31,132.3,133.14,133.68,132.83,11.43,72.54,1017.15,8.24,28.9,240
12/2/2025 1:46,131.83,131.85,132.28,132.28,131.87,132.02,11.25,73.08,1016.99,8.23,28.7,240
12/2/2025 2:01,139.12,138.23,129.89,140.13,126.91,134.86,10.87,75.54,1017.01,8.23,29.3,242
12/2/2025 2:16,119.79,119.81,120.63,137.95,137.97,127.23,10.41,78.06,1016.87,8.23,29.2,242
12/2/2025 2:31,135.11,135.54,120.36,135.16,135.16,132.26,10.3,77.42,1016.62,8.22,29.2,240
12/2/2025 2:46,135.71,126.48,126.16,126.12,127.03,128.3,10.25,78.68,1016.36,8.22,29.3,240
12/2/2025 3:01,126.53,126.98,120.03,120.38,126.41,124.07,10.13,78.7,1016.5,8.22,28.5,240
12/2/2025 3:16,119.19,119.19,119.21,119.21,119.21,119.2,10.04,78.52,1016.19,8.21,29.2,240
12/2/2025 3:32,122.3,137.13,138.71,137.46,139.1,134.94,9.93,79.61,1016.19,8.21,28.6,236
12/2/2025 3:47,128.44,128.42,123.7,124.06,123.29,125.58,9.75,79.53,1015.23,8.2,28.5,232
12/2/2025 4:02,123.75,123.26,123.65,123.27,123.19,123.43,9.52,81.83,1014.69,8.19,28.5,232
12/2/2025 4:17,122.55,122.18,122.18,122.09,122.18,122.23,9.35,81.45,1014.37,8.19,28.6,232
12/2/2025 4:32,118.64,118.7,118.71,118.59,118.58,118.64,9.34,82.3,1014.38,8.18,28.6,236
12/2/2025 4:47,114.34,114.32,114.34,114.25,114.29,114.31,9.28,82.82,1013.75,8.18,28.1,232
12/2/2025 5:02,110.02,110.02,109.98,109.91,109.81,109.95,9.19,82.42,1013.54,8.18,28.4,232
12/2/2025 5:17,105.56,105.2,105.56,105.59,105.2,105.42,9.18,82.79,1013.3,8.18,27.9,236
12/2/2025 5:32,100.77,100.77,101.32,100.77,100.77,100.88,9.23,82.85,1012.97,8.17,27.9,232
12/2/2025 5:47,96.81,96.33,96.35,96.67,96.69,96.57,9.28,81.9,1012.94,8.17,28.6,232
12/2/2025 6:02,92.1,92.11,92.47,92.34,91.89,92.18,9.36,81.67,1012.53,8.18,28.2,230
12/2/2025 6:17,87.84,87.86,87.84,88.22,87.84,87.92,9.4,82.15,1012.57,8.17,28.8,236
12/2/2025 6:32,83.42,83.42,83.52,83.43,83.42,83.44,9.42,81.61,1012.44,8.17,28.6,232
12/2/2025 6:47,79.18,79.16,79.16,79.16,79.16,79.17,9.48,81.59,1012.35,8.17,28.1,230
12/2/2025 7:02,75.29,75.29,75.2,75.31,75.55,75.33,9.52,81.46,1012.19,8.17,28.7,240
12/2/2025 7:17,71.76,71.76,72.13,71.76,72.13,71.91,9.61,81.9,1012.05,8.16,28.2,232
12/2/2025 7:32,69.08,69.51,69.1,69.18,69.08,69.19,9.72,82.5,1012.45,8.17,28.5,232
12/2/2025 7:47,67.97,67.97,67.95,67.95,67.97,67.96,9.78,83.47,1012.19,8.17,28.4,236
12/2/2025 8:02,69.08,69.1,69.51,69.2,69.1,69.2,9.76,84.03,1012.85,8.17,28.5,232
12/2/2025 8:17,72.2,72.18,72.18,72.18,72.18,72.19,9.9,83.18,1012.44,8.17,28.7,236
12/2/2025 8:32,76.09,76.09,76.11,76.11,76.47,76.18,10.02,82.67,1011.82,8.17,27.9,236
12/2/2025 8:47,80.23,80.24,80.23,80.21,80.33,80.25,10.33,83.13,1011.58,17.41,34.4,688
12/2/2025 9:02,84.5,84.5,84.48,84.48,84.58,84.51,10.78,83.37,1011.24,8.17,28.1,232
12/2/2025 9:17,89.35,89.35,89.44,88.97,89.44,89.31,10.93,82.9,1011.21,17.41,34.4,688
12/2/2025 9:32,93.33,93.42,93.35,93.35,93.42,93.37,11.16,82.71,1010.72,17.41,34.4,688
12/2/2025 9:47,98.18,97.84,97.82,97.82,98.29,97.99,11.37,82.1,1010.89,17.41,34.4,688
12/2/2025 10:02,103.33,103.35,103.33,103.31,103.33,103.33,11.23,84.38,1011.99,17.41,34.4,688
12/2/2025 10:17,107.82,106.91,107.68,107.44,107,107.37,10.8,85.14,1012.32,17.54,34.4,688
12/2/2025 10:32,110.05,110.05,110.41,110.07,109.97,110.11,10.76,85.58,1012.61,17.54,34.4,688
12/2/2025 10:47,115.99,115.99,116,116.12,116.12,116.04,10.88,85.19,1012.61,17.54,34.4,688
12/2/2025 11:03,120.44,126.74,125.23,123.96,120.53,123.38,11.03,85.23,1012.42,17.54,34.4,688
12/2/2025 11:18,124.23,123.38,123.79,123.77,122.07,123.45,10.88,84.18,1012.34,17.54,34.4,688
12/2/2025 11:33,124.18,122.09,122.09,122.54,119.81,122.14,10.73,83.83,1012.03,17.41,34.4,688
12/2/2025 11:48,120.79,120.32,121.59,121.15,120.7,120.91,11.3,84.1,1011.7,17.41,34.4,688
12/2/2025 12:03,120.14,124.83,122.31,119.43,120.63,121.47,11.32,81.9,1011.73,17.41,34.4,688
12/2/2025 12:18,128.73,129.14,129.14,129.59,129.6,129.24,11.06,83.07,1011.26,17.41,34.4,688
12/2/2025 12:33,129.79,129.79,129.77,130.2,129.76,129.86,11.13,83.95,1010.77,17.41,34.4,688
12/2/2025 12:48,120.14,121.49,121.49,120.2,120.6,120.78,11.52,84.52,1010.36,17.41,34.4,688
12/2/2025 13:03,120.91,120.43,121.34,120.89,122.59,121.23,13.57,84.96,1010.1,17.41,34.4,688
12/2/2025 13:18,134.46,134.42,124.51,121.97,123.33,127.74,13.71,82.96,1009.65,8.11,29.1,236
12/2/2025 13:33,133.72,133.8,133.8,134.28,133.91,133.9,13.77,84.97,1009.59,17.28,34.4,688
12/2/2025 13:48,133.26,132.88,132.9,132.88,132.98,132.98,14.23,85.42,1009.27,17.28,28.3,230
12/2/2025 14:03,121.3,122.14,122.14,125.56,125.11,123.25,14.62,85.2,1009.27,8.09,28.5,236
12/2/2025 14:18,123.36,122.07,122.47,122.9,122.02,122.56,14.82,85.2,1009.54,8.08,28.3,236
12/2/2025 14:33,133.48,133.48,133.48,133.58,133.58,133.52,15.25,85.48,1009.52,8.08,29,236
12/2/2025 14:48,120.19,120.17,120.17,121.01,119.74,120.26,16.03,83.76,1009.61,8.08,29,232
12/2/2025 15:03,120.74,120.26,119.38,124.99,120.27,121.13,15.94,83.13,1009.7,8.07,29.1,236
12/2/2025 15:18,124.65,121.22,121.2,120.77,125.47,122.66,15.28,81.61,1009.91,8.07,28.8,232
12/2/2025 15:33,121.75,129.16,129.23,128.76,128.76,127.53,15.18,82.65,1009.95,8.06,28.9,232
12/2/2025 15:48,119.84,120.32,120.34,121.61,129.17,122.26,14.82,82.92,1010.15,8.06,28.4,236
12/2/2025 16:03,129.26,124.65,125.11,124.65,129.26,126.58,14.49,84.33,1010.06,8.05,28.1,232
12/2/2025 16:18,120.79,123.38,123.39,122.11,124.66,122.87,14.33,85.19,1010.19,8.04,29,232
12/2/2025 16:33,125.09,125.09,119.93,121.22,119.48,122.16,14.18,85.8,1010.32,8.04,28.3,226
12/2/2025 16:48,120.84,120.39,121.22,120.84,121.23,120.9,14.02,86.64,1010.22,8.03,28.7,232
12/2/2025 17:03,123.39,123.38,123.39,122.57,122.11,122.97,13.91,87.22,1010.34,8.02,28.8,232
12/2/2025 17:18,129.24,125.56,125.09,124.29,123.82,125.6,13.79,87.4,1010.82,8.02,27.9,230
12/2/2025 17:33,129.26,129.24,128.8,129.24,129.26,129.16,13.73,87.78,1011.18,8.01,28.3,230
12/2/2025 17:48,128.8,128.71,128.33,128.33,128.32,128.5,13.76,88.11,1011.38,8.01,28.2,226
12/2/2025 18:03,125.74,125.76,126.04,125.74,125.74,125.81,13.8,88.26,1011.41,8.01,29.1,232
12/2/2025 18:18,122.67,120.5,120.43,120.41,120.41,120.88,13.51,88.26,1011.43,8,29.2,232
12/2/2025 18:34,119.67,119.6,119.71,119.62,119.79,119.68,13.23,88.32,1011.49,8,28.6,230
12/2/2025 18:49,116.47,116.53,116.48,116.55,116.47,116.5,12.94,88.2,1011.67,8,28.1,226
12/2/2025 19:04,114.2,114.18,114.13,114.12,114.08,114.14,12.76,88.33,1012.02,7.99,29.2,232
12/2/2025 19:19,112.32,112.32,112.35,112.33,112.35,112.33,12.67,88.5,1012.18,7.99,28.6,230
12/2/2025 19:34,111.49,111.49,111.54,111.53,111.53,111.52,12.49,88.37,1012.44,7.98,28.6,230
12/2/2025 19:49,111.89,111.44,111.51,111.89,111.87,111.72,12.39,88.52,1012.77,7.98,28.6,232
12/2/2025 20:04,114.22,114.13,114.13,114.22,113.82,114.11,12.31,88.88,1013.03,7.98,28.6,230
12/2/2025 20:19,118.75,118.73,118.85,118.73,118.39,118.69,12.52,88.62,1013.49,17.54,34.4,220
12/2/2025 20:34,125.95,125.95,125.5,126.05,123.55,125.4,12.36,86.18,1013.68,7.97,28.3,226
12/2/2025 20:49,120.72,121.52,121.54,121.52,121.52,121.37,12.4,84.52,1014.2,7.97,28.6,230
12/2/2025 21:04,125.37,130.24,124.54,130.6,129.71,128.09,12.13,84.37,1014.45,17.54,34.4,688
12/2/2025 21:19,130.65,130.31,130.67,130.56,131.01,130.64,12.2,84.37,1015.05,17.66,27.5,230
12/2/2025 21:34,130.77,130.77,130.29,130.22,130.29,130.47,12.01,83.74,1015.2,7.96,28.3,226
12/2/2025 21:49,131.33,130.77,132.02,131.23,131.68,131.41,11.77,81.2,1015.33,7.96,28.6,226
12/2/2025 22:04,131.61,131.15,131.61,131.61,131.59,131.51,11.71,81.32,1015.59,7.96,28.2,222
12/2/2025 22:19,131.27,130.8,131.16,131.16,130.79,131.04,11.66,82.26,1015.72,7.96,28.3,226
12/2/2025 22:34,131.32,130.7,130.7,130.68,130.7,130.82,11.66,83.34,1015.74,7.95,27.7,226
12/2/2025 22:49,131.59,131.15,131.15,131.06,131.51,131.29,11.66,84.42,1015.87,17.66,34.4,688
12/2/2025 23:04,132.06,131.59,131.59,131.63,131.59,131.69,11.7,84.03,1015.91,17.66,34.4,688
12/2/2025 23:19,131.32,131.25,131.61,131.21,131.59,131.4,11.7,84.56,1016.03,17.66,34.4,688
12/2/2025 23:34,132.04,131.56,131.57,131.21,131.57,131.59,11.68,84.6,1016.14,17.66,34.4,688
12/2/2025 23:49,131.33,131.68,131.69,131.66,131.25,131.52,11.63,85.19,1016.4,17.66,34.4,688
12/3/2025 0:04,131.32,131.25,131.68,131.68,131.69,131.52,11.51,84.75,1016.34,17.66,34.4,688
12/3/2025 0:19,131.66,131.64,131.2,131.66,132.06,131.64,11.51,85.37,1016.5,17.66,34.4,688
12/3/2025 0:34,131.66,131.66,131.23,131.23,131.25,131.41,11.5,85.3,1016.53,17.66,34.4,688
12/3/2025 0:49,131.32,131.23,131.23,131.2,131.63,131.32,11.51,85.5,1016.66,17.66,34.4,688
12/3/2025 1:04,131.35,131.68,131.66,131.68,131.69,131.61,11.53,85.63,1016.66,17.66,34.4,688
12/3/2025 1:19,131.33,131.68,121.32,120.84,131.21,127.28,11.54,85.71,1016.87,17.66,34.4,688
12/3/2025 1:34,131.33,131.23,131.23,130.8,131.23,131.17,11.5,85.54,1017.03,17.66,34.4,688
12/3/2025 1:49,131.44,130.89,131.33,131.3,132.12,131.42,11.35,84.87,1017.19,17.66,34.4,688
12/3/2025 2:05,131.08,131.4,130.97,131.85,131.4,131.34,11.16,84.2,1017.38,17.66,34.4,688
12/3/2025 2:20,131.8,131.44,131.44,131.83,131.44,131.59,11.01,84.58,1017.59,17.79,34.4,688
12/3/2025 2:35,131.56,131.47,131.01,131.01,131.01,131.21,10.9,85.2,1017.61,17.79,34.4,688
12/3/2025 2:50,131.11,131.08,131.45,131.01,130.63,131.06,10.75,85.25,1017.69,17.79,34.4,688
12/3/2025 3:05,131.9,131.87,132.3,131.47,131.44,131.79,10.66,85.21,1017.75,17.79,34.4,688
12/3/2025 3:20,131.92,131.54,131.08,131.9,131.49,131.59,10.63,85.08,1017.92,17.79,34.4,688
12/3/2025 3:35,131.97,132.36,131.97,131.97,131.97,132.05,10.59,84.98,1018.05,17.79,34.4,688
12/3/2025 3:50,132,131.54,131.56,131.54,131.97,131.72,10.56,85.21,1018.16,17.79,34.4,688
12/3/2025 4:05,131.54,131.93,131.54,131.11,131.56,131.54,10.5,85.31,1018.24,17.79,34.4,688
12/3/2025 4:20,131.28,131.56,131.18,131.18,131.16,131.27,10.4,85.24,1018.2,17.79,34.4,688
12/3/2025 4:35,131.88,130.61,131.45,131.92,131.56,131.49,10.31,85.03,1018.3,17.79,34.4,688
12/3/2025 4:50,131.63,131.54,132.02,132,131.97,131.83,10.26,85.31,1018.58,17.79,34.4,688
12/3/2025 5:05,128.49,130.6,130.24,130.58,130.49,130.08,10.18,85.14,1018.84,17.79,34.4,688
12/3/2025 5:20,125.25,125.33,125.14,125.26,124.87,125.17,10.02,84.8,1019.05,17.79,34.4,688
12/3/2025 5:35,120.72,120.72,120.74,120.72,120.67,120.71,9.9,85.12,1019.16,17.79,34.4,688
12/3/2025 5:50,116.5,116.59,116.5,116.62,116.5,116.54,9.83,85.36,1019.58,17.79,34.4,688
12/3/2025 6:05,112.35,112.35,112.35,112.37,112.33,112.35,9.78,85.61,1019.74,17.79,34.4,688
12/3/2025 6:20,107.99,108.01,107.98,107.99,107.99,107.99,9.74,85.54,1019.99,17.92,34.4,688
12/3/2025 6:35,103.84,103.84,103.4,103.79,103.38,103.65,9.74,85.59,1020.3,17.92,34.4,688
12/3/2025 6:50,99.68,99.66,99.66,99.76,99.66,99.68,9.62,85.61,1020.35,17.92,34.4,688
12/3/2025 7:05,95.32,95.32,95.34,95.34,95.32,95.33,9.55,85.65,1020.44,17.92,34.4,688
12/3/2025 7:20,91.74,91.7,91.72,91.53,91.72,91.68,9.58,85.91,1020.74,17.92,34.4,688
12/3/2025 7:35,87.29,87.17,87.28,87.28,87.28,87.26,9.73,85.87,1021.11,17.92,34.4,688
12/3/2025 7:50,83.55,83.57,83.64,83.55,83.55,83.58,10.06,86.03,1021.12,17.92,34.4,688
12/3/2025 8:05,80.09,80.12,80.11,80.11,80.23,80.13,10.49,85.96,1021.17,17.92,34.4,688
12/3/2025 8:20,77.5,77.48,77.5,77.5,77.5,77.5,11.07,85.62,1021.28,17.92,34.4,688
12/3/2025 8:35,76.51,76.51,76.49,76.52,76.52,76.51,11.48,84.55,1021.42,17.92,34.4,688
12/3/2025 8:50,77.33,77.31,77.31,77.33,77.33,77.32,11.9,80.47,1021.45,17.92,34.4,688
12/3/2025 9:05,80.11,80.09,80.11,80.09,80.21,80.12,12.33,78.21,1021.59,17.92,34.4,688
12/3/2025 9:20,84.1,84.09,84.09,84.07,84.07,84.08,12.85,78.6,1021.95,17.92,34.4,688
12/3/2025 9:36,88.92,88.94,88.94,88.56,88.56,88.79,13.15,74.79,1022.11,7.87,28.9,226
12/3/2025 9:51,92.9,92.92,92.9,92.99,92.88,92.92,13.94,74.12,1022.25,7.87,28.4,222
12/3/2025 10:06,97.67,97.31,97.69,97.76,97.51,97.59,14.71,70.45,1022.34,7.87,27.8,226
12/3/2025 10:21,102.49,102.49,102.51,102.11,102.23,102.36,14.27,71.45,1022.48,7.87,28.3,222
12/3/2025 10:36,107.31,107.26,107.22,107.24,107.24,107.25,15.11,68.92,1022.33,7.87,28.8,226
12/3/2025 10:51,112.9,112.92,112.81,112.9,112.88,112.88,16.1,65.12,1022.44,7.87,28.3,230
12/3/2025 11:06,119.31,119.28,119.72,119.72,119.84,119.58,16.84,60.74,1022.31,7.88,28.9,226
12/3/2025 11:21,129.71,59.75,82.05,120.6,57.76,89.97,16.36,61.39,1022.18,7.88,28.8,226
12/3/2025 11:36,134.2,133.34,119.95,136.94,136.58,132.2,16.63,57.58,1022.02,7.88,28.9,230
12/3/2025 11:51,126.62,125.68,126.05,126.07,127.46,126.37,17.06,56.22,1022.1,7.88,28.8,226
12/3/2025 12:06,122.37,123.63,126.58,125.33,126.16,124.81,16.91,56.74,1021.94,7.88,28.4,230
12/3/2025 12:21,125.25,125.25,133.12,136,126.89,129.3,16.69,55.78,1021.86,7.88,29,230
12/3/2025 12:36,125.02,135.5,125.86,126.33,126.76,127.89,17.89,53.3,1021.32,7.88,28.5,230
12/3/2025 12:51,135.19,126.16,127.39,126.16,133.82,129.74,20.6,46.71,1021.13,7.89,29,230
12/3/2025 13:06,133.29,131.95,131.49,132.74,123.26,130.55,20.02,45.04,1021.14,7.89,29.2,230
12/3/2025 13:21,121.2,130.75,121.2,120.72,120.75,122.92,19.01,47.28,1020.9,7.89,29.4,232
12/3/2025 13:36,129.57,129.65,130.03,129.55,130.03,129.77,18.49,47.4,1020.99,7.89,29,230
12/3/2025 13:51,126.41,129.38,129.02,128.13,128.49,128.29,18.32,50.7,1020.85,7.89,29.1,230
12/3/2025 14:06,125.98,133.24,128.95,128.44,124.66,128.25,20.34,46.15,1020.34,7.9,29.4,232
12/3/2025 14:21,127.97,127.54,127.53,127.53,127.8,127.67,20.16,46.41,1020.37,7.9,28.8,226
12/3/2025 14:36,128.09,128.54,128.08,127.17,125.33,127.44,19.86,45.16,1020.73,7.9,29,230
12/3/2025 14:51,121.04,120.19,120.62,121.44,121.08,120.87,17.94,47.61,1020.96,7.89,29.5,232
12/3/2025 15:06,120.68,121.08,120.63,120.17,120.17,120.55,16.75,49.48,1020.74,7.89,29.7,232
12/3/2025 15:21,119.84,119.83,119.38,119.42,119.52,119.6,16.2,51.3,1020.77,7.88,29.3,230
12/3/2025 15:36,119.4,119.42,119.4,119.38,119.48,119.42,15.72,53.35,1020.66,7.88,29,230
12/3/2025 15:51,119.47,119.86,119.4,119.83,119.95,119.7,15.21,54.12,1020.72,7.88,29.2,232
12/3/2025 16:06,120.39,121.22,120.39,120.86,120.38,120.65,14.55,56.21,1020.74,7.88,29.6,232
12/3/2025 16:21,119.5,119.52,119.5,119.5,119.62,119.53,13.9,57.69,1021.13,7.87,29,230
12/3/2025 16:36,119.55,119.52,119.52,119.16,118.83,119.32,13.19,59.09,1021.11,7.87,29.3,230
12/3/2025 16:51,120.08,120.1,120.07,120.08,120.44,120.16,12.61,60.08,1021.47,7.86,28.9,226
12/3/2025 17:07,120.53,120.53,120.55,120.53,120.53,120.53,12.08,60.56,1021.48,7.86,28.1,230
12/3/2025 17:22,119.74,119.74,119.74,120.58,119.81,119.92,11.74,61.39,1021.53,7.85,29.5,232
12/3/2025 17:37,119.76,120.17,120.17,120.19,119.76,120.01,11.44,61.89,1021.52,7.85,28.9,226
12/3/2025 17:52,120.19,120.19,120.19,120.19,120.19,120.19,11.31,62.24,1021.89,7.84,28.9,226
12/3/2025 18:07,120.56,120.19,120.56,120.19,120.55,120.41,11.2,63.79,1022.29,7.84,28,226
12/3/2025 18:22,120.17,120.17,120.55,120.55,120.56,120.4,11.14,63.59,1022.47,7.84,28.6,226
12/3/2025 18:37,120.17,119.74,120.19,120.56,120.19,120.17,11.09,63.64,1022.67,7.83,29.7,232
12/3/2025 18:52,120.17,120.19,119.74,119.74,119.83,119.93,11.04,64.43,1022.79,7.83,28.6,222
12/3/2025 19:07,120.68,120.67,120.67,120.22,120.2,120.49,10.97,64.97,1022.82,7.82,29.2,230
12/3/2025 19:22,117.68,117.61,117.79,117.67,117.68,117.69,10.84,65.26,1023.01,7.82,28.5,222
12/3/2025 19:37,114.53,114.51,114.53,114.49,114.51,114.51,10.7,65.36,1023.31,7.82,28.3,226
12/3/2025 19:52,111.56,111.54,111.56,111.48,111.54,111.54,10.62,65.75,1023.23,7.81,28.4,222
12/3/2025 20:07,108.37,108.37,108.63,108.37,108.37,108.42,10.54,66.01,1023.5,7.81,28.1,226
12/3/2025 20:22,106.57,106.59,106.5,106.12,106.57,106.47,10.46,66.19,1023.63,7.81,28.2,226
12/3/2025 20:37,105.13,104.75,105.11,105.11,105.13,105.05,10.4,66.18,1023.66,7.81,29.5,230
12/3/2025 20:52,104.98,104.96,104.96,104.94,104.98,104.96,10.35,67.68,1023.77,7.8,28.2,222
12/3/2025 21:07,106.21,106.23,106.23,106.66,106.67,106.4,10.3,66.91,1023.85,7.8,29.1,226
12/3/2025 21:22,110.14,109.76,110.12,110.12,110.09,110.04,10.18,66.74,1023.79,7.8,28.3,222
12/3/2025 21:37,114.56,115.01,115.01,114.61,114.61,114.76,10.17,67.84,1023.86,7.79,29,226
12/3/2025 21:52,121.25,121.25,121.27,121.25,121.25,121.25,10.01,68.21,1023.98,7.79,29.1,226
12/3/2025 22:07,128.38,128.42,128.42,128.02,128.02,128.25,10.01,68.27,1023.89,7.78,28.6,222
12/3/2025 22:22,131.66,131.66,131.66,131.64,131.21,131.57,9.76,67.98,1023.58,7.78,28.1,222
12/3/2025 22:37,131.37,131.69,131.32,131.78,132.23,131.68,9.03,69.8,1023.84,7.77,28.4,220
12/3/2025 22:52,132.14,132.18,132.18,132.18,132.16,132.16,8.23,69.31,1023.46,7.78,28.9,226
12/3/2025 23:07,132.18,132.18,132.18,132.19,132.18,132.18,7.5,69.71,1023.49,7.78,28.5,222
12/3/2025 23:22,132.12,133,127.66,133.48,133.46,131.95,6.95,70.23,1023.38,7.77,28.5,222
12/3/2025 23:37,131.35,130.87,130.43,131.32,131.33,131.06,6.58,73.83,1023.59,7.77,28.2,220
12/3/2025 23:52,131.52,131.51,131.52,131.52,131.51,131.52,6.26,72.63,1023.5,7.77,27.5,220
12/4/2025 0:07,131.61,131.61,131.61,131.59,131.16,131.52,5.95,73.25,1023.06,7.77,28.5,222
12/4/2025 0:22,131.15,131.13,130.7,131.49,131.15,131.12,5.74,75.24,1022.97,7.76,28.3,220
12/4/2025 0:38,131.39,131.73,131.28,131.71,131.71,131.56,5.41,74.84,1023.16,7.76,28.9,226
12/4/2025 0:53,131.45,131.37,131.81,131.8,131.78,131.64,5.18,74.19,1023.26,7.76,28.8,222
12/4/2025 1:08,132.28,132.74,132.3,131.45,131.9,132.13,4.96,77.06,1023.72,7.76,28.1,222
12/4/2025 1:23,131.93,131.92,131.45,131.49,131.93,131.75,4.81,74.5,1023.63,7.76,27.6,220
12/4/2025 1:38,132.4,132.38,131.95,131.97,131.95,132.13,4.51,73.96,1023.46,7.75,28.9,222
12/4/2025 1:53,131.23,131.52,131.57,131.11,131.13,131.31,4.28,74.45,1023.35,7.75,28.5,220
12/4/2025 2:08,132.06,132.02,132.04,131.59,132.04,131.95,4.05,74.36,1023.38,7.75,28.9,222
12/4/2025 2:23,131.59,132.06,131.61,132.06,132.06,131.87,3.86,74,1023.49,7.74,28.9,222
12/4/2025 2:38,132.06,132.04,132.04,132.06,132.07,132.05,3.71,74.09,1023.47,7.74,28.2,220
12/4/2025 2:53,131.71,131.71,131.71,131.71,131.73,131.72,3.56,74.34,1023.44,7.74,28.2,220
12/4/2025 3:08,131.68,131.66,131.66,132.11,131.73,131.77,3.39,74.37,1023.38,7.74,28.4,220
12/4/2025 3:23,132.19,132.21,132.19,132.21,132.19,132.2,3.22,74.19,1023.38,7.74,28.6,222
12/4/2025 3:38,132.24,132.24,132.69,132.26,131.93,132.27,3.29,75.24,1023.35,7.74,28.4,220
12/4/2025 3:53,130.65,130.97,131.35,131.39,130.96,131.06,3.15,74.87,1023.29,7.74,28,216
12/4/2025 4:08,131.88,131.83,131.45,131.44,131.44,131.61,3.13,75.76,1023.35,7.73,27.7,220
12/4/2025 4:23,131.9,132.28,131.83,131.9,131.92,131.97,3.09,76.62,1023.37,7.73,28.2,220
12/4/2025 4:38,131.45,131.42,131.47,131.44,131.9,131.54,2.91,76.57,1023.25,7.73,28.2,216
12/4/2025 4:53,132.38,131.95,122.33,123.15,123.62,126.69,2.74,75.6,1023.03,7.72,28.9,222
12/4/2025 5:08,131.47,131.47,131.44,131.9,131.9,131.64,2.59,75.56,1022.95,7.72,28,216
12/4/2025 5:23,131.51,131.93,131.93,122.35,132.06,129.96,2.67,76.73,1023.42,7.72,28.1,220
12/4/2025 5:38,133.31,132.02,131.93,132.38,131.64,132.26,2.55,76.83,1023.33,7.72,28.5,220
12/4/2025 5:53,129.47,128.56,130.67,130.67,131.56,130.18,2.62,77.29,1023.45,7.72,28.3,220
12/4/2025 6:08,128.4,127.96,123.69,127.85,127.85,127.15,2.45,76.51,1023.18,7.72,27.9,220
12/4/2025 6:23,123.7,123.67,123.63,123.69,123.67,123.67,2.4,76.57,1022.77,7.72,28.5,220
12/4/2025 6:38,119.26,119.26,119.26,119.16,118.9,119.17,2.36,77.84,1023.03,7.71,28.9,222
12/4/2025 6:53,114.65,114.7,114.7,114.7,114.7,114.69,2.43,78.74,1022.93,7.71,28.9,222
12/4/2025 7:08,109.97,110.31,110.29,110.31,110.21,110.22,2.45,77.4,1023.21,7.71,28.9,222
12/4/2025 7:23,105.73,105.76,105.39,105.39,105.37,105.53,2.49,77.81,1023.54,7.71,28.1,220
12/4/2025 7:38,100.96,100.94,101.05,100.88,101.32,101.03,3.02,77.94,1023.65,7.71,28.4,216
12/4/2025 7:53,96.5,96.4,96.42,96.4,96.37,96.42,4.28,77.73,1024.11,7.71,27.9,222
12/4/2025 8:09,92.47,92.47,92.49,92.49,92.39,92.46,4.82,77.16,1024.21,7.71,28.1,216
12/4/2025 8:24,87.76,87.76,87.77,87.77,87.77,87.77,5.39,77.5,1024.23,7.7,28.3,222
12/4/2025 8:39,83.38,83.4,83.49,83.38,83.31,83.39,6.56,79.11,1024.2,7.7,28.2,220
12/4/2025 8:54,79.64,79.56,79.64,79.56,79.56,79.59,9.66,76.87,1024.23,7.7,28.5,220
12/4/2025 9:09,76.33,76.33,76.35,76.27,76.33,76.32,13.68,67.83,1024.33,7.71,28.2,222
12/4/2025 9:24,74.04,74.12,74.12,74.02,74.14,74.09,19.45,53.75,1024.5,7.72,29.5,230
12/4/2025 9:39,73.8,73.8,73.8,74.12,73.88,73.88,22.87,44.83,1024.8,7.72,28.9,230
12/4/2025 9:54,76.09,76.11,76.11,76.09,76.09,76.1,24.71,41.69,1024.27,7.73,28.9,226
12/4/2025 10:09,79.95,79.97,80.06,80.42,80.07,80.09,25.81,36.35,1024.3,7.74,28.4,222
12/4/2025 10:24,84.4,84.38,84.38,84.36,84.38,84.38,25.76,35.14,1024.12,7.74,28.5,220
12/4/2025 10:39,88.84,88.82,88.84,88.84,88.7,88.81,28.47,33.31,1023.96,7.75,29,226
12/4/2025 10:54,93.64,93.74,93.35,93.72,93.72,93.64,26.15,33.03,1024.47,7.74,28.6,230
12/4/2025 11:09,97.93,97.94,97.93,97.91,98.03,97.95,22.5,37.91,1023.91,7.74,29.5,230
12/4/2025 11:24,103,103.07,102.64,103.07,103.07,102.97,20.66,40.94,1024,7.74,29.2,226
12/4/2025 11:39,108.49,108.49,108.35,108.39,108.42,108.43,19.92,41.82,1024.07,7.74,29.6,230
12/4/2025 11:54,114.53,114.51,114.51,114.53,114.46,114.51,19.69,43.15,1023.85,7.74,29.3,230
12/4/2025 12:09,118.8,118.78,118.88,117.96,118.35,118.55,17.69,45.49,1023.84,7.74,28.9,226
12/4/2025 12:24,131.28,130.05,130.39,130.37,130.37,130.49,16.43,47.1,1023.66,7.74,28.6,230
12/4/2025 12:39,130.8,130,129.96,130.44,129.53,130.15,16.11,49.93,1023.78,7.74,28.6,230
12/4/2025 12:54,129.88,129.48,129.48,129.48,129.91,129.65,16,50.73,1024.02,7.74,29.1,226
12/4/2025 13:09,125.92,125.45,127.53,127.51,128.01,126.88,16.84,50.26,1024.11,7.74,29.2,226
12/4/2025 13:24,124.68,124.22,125.49,124.7,125.95,125.01,17.1,49.12,1024.28,7.74,28.3,226
12/4/2025 13:39,129.35,129.38,129.36,129.36,128.92,129.27,16.9,49.28,1024.02,7.73,29,226
12/4/2025 13:54,129.84,129.41,130.29,129.86,130.73,130.03,15.98,51.41,1023.83,7.73,29.6,230
12/4/2025 14:09,129.88,129.89,129.86,129.86,129.86,129.87,15.57,52.21,1023.96,7.73,29.2,226
12/4/2025 14:24,129.48,129.91,129.47,129.5,129.93,129.66,15.41,53.34,1024.09,7.73,29.6,230
12/4/2025 14:39,127.8,126.53,125.26,128.97,119.3,125.57,15.05,53.4,1023.84,7.72,29.2,226
12/4/2025 14:54,130.34,130.77,130.79,130.22,130.22,130.47,14.94,55.11,1023.42,7.72,29.3,226
12/4/2025 15:09,133.26,133.29,132.91,132.47,133.39,133.06,15.07,55.24,1023.17,7.72,29.2,226
12/4/2025 15:24,132.45,132.47,132.47,132.47,132.52,132.47,15.3,55.19,1023.06,7.72,29.7,230
12/4/2025 15:40,132.45,132.47,132.9,132.47,132.57,132.57,14.93,56.17,1022.85,7.72,29,222
12/4/2025 15:55,132.47,132.91,132.48,132.45,132.6,132.58,14.43,58.35,1022.76,7.72,29.2,226
12/4/2025 16:10,132.04,132.04,132.04,118.85,132.16,129.42,14.13,57.96,1022.75,7.71,29.6,226
12/4/2025 16:25,132.14,132.14,132.14,132.14,132.55,132.22,13.64,59.42,1022.67,7.71,29.3,226
12/4/2025 16:40,131.78,131.33,131.78,131.78,131.78,131.69,13.23,58.68,1022.29,7.71,28.9,222
12/4/2025 16:55,131.45,131.35,131.35,130.92,131.75,131.37,12.92,59.35,1022.27,7.7,29,222
12/4/2025 17:10,131.81,131.81,132.24,132.64,131.81,132.07,12.58,60.03,1022.02,7.7,29.3,226
12/4/2025 17:25,131.83,132.26,132.28,131.83,132.28,132.1,12.37,61.15,1021.86,7.7,28.6,222
12/4/2025 17:40,132.69,132.31,132.3,132.69,132.38,132.47,12.12,61.2,1021.63,7.7,29.5,226
12/4/2025 17:55,132.3,132.28,132.28,132.26,132.69,132.36,11.97,61.88,1021.44,7.7,29.3,226
12/4/2025 18:10,131.8,132.62,132.19,132.19,132.21,132.2,11.87,62.96,1021.69,7.7,28.9,222
12/4/2025 18:25,131.92,131.92,131.9,132.42,131.92,132.01,11.67,63.81,1021.75,7.7,29.1,222
12/4/2025 18:40,130.68,132.3,132.74,131.83,131.85,131.88,11.47,64.66,1022.28,7.69,28.2,226
12/4/2025 18:55,131.97,132.4,132.83,132.42,132.4,132.4,11.35,64.72,1022.59,7.69,28.5,222
12/4/2025 19:10,132.4,132.35,132.76,132.76,132.88,132.63,11.37,66.5,1022.63,7.69,28.7,220
12/4/2025 19:25,132.11,132.11,132.14,132.14,132.55,132.21,11.41,68.47,1023.04,7.69,28.6,220
12/4/2025 19:40,122.11,122.18,122.55,122.98,122.11,122.39,11.43,69.33,1023.69,7.69,28.8,222
12/4/2025 19:55,123.46,123.46,122.19,123.45,123.46,123.21,11.38,68.86,1022.87,7.68,28.4,222
12/4/2025 20:10,120.87,120.92,120.86,120.86,120.92,120.89,11.37,69.49,1022.69,7.68,28.6,220
12/4/2025 20:25,117.48,117.49,117.58,117.48,117.87,117.58,11.32,68.75,1022.95,7.68,28.3,222
12/4/2025 20:40,114.34,114.34,114.32,114.34,114.34,114.34,11.31,68.85,1022.95,7.68,28.5,220
12/4/2025 20:55,111.27,111.29,111.27,111.29,111.2,111.26,11.38,71.33,1022.78,7.68,29,222
12/4/2025 21:10,108.37,108.03,108.27,108.39,108.37,108.29,11.41,73.73,1022.8,7.68,29.1,222
12/4/2025 21:25,106.21,106.3,106.3,106.3,106.24,106.27,11.4,72.51,1022.59,7.68,28.4,220
12/4/2025 21:40,104.6,105.04,104.58,104.6,104.62,104.69,11.42,72.93,1022.01,7.68,27.9,212
12/4/2025 21:55,105.11,105.11,105.13,105.11,105.1,105.11,11.42,72.64,1022.12,7.68,28.3,216
12/4/2025 22:10,107.19,107.2,107.19,107.19,107.22,107.2,11.48,73.69,1022.41,7.67,28.3,216
12/4/2025 22:25,111.17,111.17,111.17,111.18,111.1,111.16,11.61,72.93,1022.48,7.67,28.8,220
12/4/2025 22:40,116.14,116.12,116.57,116.24,116.31,116.28,11.65,72.75,1022.8,7.67,28.1,216
12/4/2025 22:55,122.64,122.64,122.64,122.64,122.62,122.64,11.64,73.46,1022.66,7.67,27.9,220
12/4/2025 23:11,129.76,130.22,130.24,130.22,130.22,130.13,11.61,73.45,1022.56,7.66,28.2,216
12/4/2025 23:26,130.6,130.61,130.61,130.51,130.53,130.57,11.59,73.86,1022.06,7.66,28.1,216
12/4/2025 23:41,130.61,130.61,130.96,130.51,130.51,130.64,11.62,73.85,1021.63,7.67,28.9,222
12/4/2025 23:56,130.51,130.08,130.44,130.44,130.44,130.38,11.65,74.84,1021.73,7.66,28.3,216
12/5/2025 0:11,130.96,130.58,130.91,130.91,130.49,130.77,11.72,74.41,1021.76,7.66,28.3,216
12/5/2025 0:26,130.61,130.6,130.96,130.89,130.96,130.8,11.72,74.18,1021.75,7.66,28.3,216
12/5/2025 0:41,131.42,131.32,131.32,130.92,130.94,131.18,11.77,74.2,1021.78,7.66,28.4,220
12/5/2025 0:56,131.04,130.96,130.92,130.94,130.92,130.96,11.81,74.58,1021.47,7.66,28.3,216
12/5/2025 1:11,131.03,130.94,131.33,130.94,130.94,131.04,11.79,74.36,1021.42,7.66,27.9,222
12/5/2025 1:26,131.04,130.96,130.96,130.96,130.94,130.97,11.78,75.13,1021.41,7.66,28,212
12/5/2025 1:41,131.04,130.96,130.94,130.96,130.96,130.97,11.78,74.97,1021.06,7.66,28,220
12/5/2025 1:56,130.96,130.58,130.48,130.49,130.44,130.59,11.77,75.69,1020.74,7.65,29.1,222
12/5/2025 2:11,130.51,130.49,130.96,130.41,130.84,130.64,11.8,76.37,1020.28,7.65,28.6,220
12/5/2025 2:26,131.39,131.3,131.3,131.3,131.3,131.32,11.88,75.81,1019.97,7.65,28.1,220
12/5/2025 2:41,130.56,130.94,130.82,130.84,130.84,130.8,11.9,76.81,1019.57,7.64,28.3,216
12/5/2025 2:56,130.96,130.85,130.39,130.37,130.85,130.69,12,75.7,1019.33,7.64,28.4,216
12/5/2025 3:11,130.49,130.51,130.51,130.43,130.41,130.47,12.08,75.4,1019.43,7.65,28,222
12/5/2025 3:26,130.92,130.82,130.39,130.41,130.82,130.67,12.11,75.07,1019.15,7.64,28,216
12/5/2025 3:41,130.94,130.85,130.82,130.82,130.82,130.85,12.15,74.63,1019.17,7.64,28.5,216
12/5/2025 3:56,130.91,130.87,130.79,130.82,130.8,130.84,12.19,74.6,1018.96,7.64,28.7,220
12/5/2025 4:11,131.3,130.75,131.21,130.75,131.2,131.04,12.23,74.63,1018.66,7.64,28.5,220
12/5/2025 4:26,130.94,131.23,130.84,130.85,131.21,131.02,12.22,74.94,1018.83,7.64,28,212
12/5/2025 4:41,131.3,131.2,131.2,131.2,131.21,131.22,12.24,75.14,1018.77,7.64,28.1,212
12/5/2025 4:56,131.28,131.15,131.56,130.73,131.2,131.18,12.32,75.84,1019.31,7.64,28.1,212
12/5/2025 5:11,131.28,131.2,131.2,131.21,131.18,131.21,12.41,75.35,1019.25,7.64,28.7,220
12/5/2025 5:26,131.64,131.64,131.57,131.2,131.2,131.45,12.43,76.95,1019.34,7.64,28.4,216
12/5/2025 5:41,131.3,131.21,131.18,131.2,131.18,131.21,12.34,77.02,1019.04,7.63,28.3,216
12/5/2025 5:56,121.11,121.1,122.4,130.32,121.22,123.23,12.35,77.04,1018.8,7.63,29,222
12/5/2025 6:11,130.97,130.85,130.84,130.87,130.85,130.88,12.28,77.88,1018.61,7.63,28.5,222
12/5/2025 6:26,130.87,130.82,131.2,131.16,130.77,130.96,12.23,78.15,1018.63,7.63,28.3,216
12/5/2025 6:42,131.32,131.21,131.2,131.21,131.2,131.23,12.25,79.11,1018.86,7.63,28.3,216
12/5/2025 6:57,126.28,126.26,125.92,125.86,125.9,126.04,12.25,80.21,1018.72,7.63,28.8,220
12/5/2025 7:12,121.18,121.22,121.18,121.18,121.18,121.19,12.31,79.92,1018.77,7.63,28,220
12/5/2025 7:27,117.37,117.37,117.48,117.37,117.32,117.38,12.38,80.07,1018.42,7.62,28.2,216
12/5/2025 7:42,112.52,112.54,112.56,112.54,112.52,112.53,12.47,80.43,1018.32,7.62,28.3,216
12/5/2025 7:57,107.8,108.27,107.74,107.82,107.82,107.89,12.51,80.64,1018.21,7.62,28.8,220
12/5/2025 8:12,103.57,103.57,103.21,103.57,103.19,103.42,12.53,80.62,1018.03,7.62,29.2,222
12/5/2025 8:27,99.08,98.68,98.68,99.16,99.18,98.96,12.46,81.94,1017.54,7.62,29.2,222
12/5/2025 8:42,94.99,94.08,94.53,94.17,94.17,94.39,12.45,81.94,1017.7,7.62,28.5,216
12/5/2025 8:57,89.57,89.56,89.9,89.57,89.92,89.7,12.56,81.82,1017.98,7.62,28.5,216
12/5/2025 9:12,84.98,84.96,85.05,85.03,84.98,85,12.53,82.69,1017.95,7.62,28.6,220
12/5/2025 9:27,80.35,80.38,80.36,80.38,80.47,80.39,12.65,82.73,1018.15,7.62,28.9,220
12/5/2025 9:42,76.03,76.04,75.96,75.94,75.96,75.98,12.64,83.92,1018.32,7.61,28.4,216
12/5/2025 9:57,72.15,72.15,72.15,72.17,72.17,72.16,12.68,83.64,1018.11,7.61,28.6,216
12/5/2025 10:12,69.17,69.17,69.17,69.17,69.59,69.25,12.92,83.46,1018.04,7.61,28.6,216
12/5/2025 10:27,67.31,67.74,67.31,67.31,67.85,67.51,13.07,82.81,1017.76,7.61,29.2,222
12/5/2025 10:42,67.76,67.76,68.19,67.74,67.74,67.84,13.19,83.15,1017.46,7.61,29,220
12/5/2025 10:57,71.77,71.33,71.05,71.05,70.95,71.23,13.22,83.37,1017,7.61,29.3,222
12/5/2025 11:12,75.03,75.05,75.05,74.93,74.93,75,13.35,83.48,1017.01,7.61,28.3,222
12/5/2025 11:27,79.42,79.42,79.44,79.44,79.44,79.43,13.21,82.93,1016.53,7.61,27.9,220
12/5/2025 11:42,84.09,84.14,84.5,84.14,84.52,84.28,13.18,83.09,1016.21,7.61,28.1,220
12/5/2025 11:57,89.11,89.09,89.11,89.13,89.11,89.11,13.4,83.07,1015.56,7.61,28.7,220
12/5/2025 12:12,93.62,93.71,93.28,93.62,93.62,93.57,13.73,82.7,1015.36,7.6,28,220
12/5/2025 12:27,98.3,98.25,98.32,98.41,98.41,98.34,13.83,82.26,1014.97,7.6,29,222
12/5/2025 12:42,103.45,103.36,103.43,103.45,103.38,103.41,13.74,82.1,1014.77,7.6,28.2,220
12/5/2025 12:57,109.07,109.09,109.06,108.92,109.07,109.04,13.66,82.33,1014.8,7.61,28.3,220
12/5/2025 13:12,116.19,116.19,116.19,116.29,116.29,116.23,13.6,82.21,1014.47,7.61,28.9,220
12/5/2025 13:27,126.69,126.65,126.29,126.22,126.31,126.43,13.55,82.09,1014.35,7.6,28.6,222
12/5/2025 13:42,122.4,123.7,121.52,120.62,134.08,124.46,13.67,82.24,1014.53,7.6,28.3,220
12/5/2025 13:57,120.27,120.24,120.26,119.81,120.24,120.16,13.29,82.94,1014.73,7.6,28.5,216
12/5/2025 14:13,119.95,119.55,119.95,119.95,120.05,119.89,12.96,83.66,1014.66,7.6,28.6,220
12/5/2025 14:28,122.64,121.77,121.82,121.82,122.3,122.07,12.54,83.51,1014.79,7.6,28.4,220
12/5/2025 14:43,122.74,121.89,121.92,121.46,121.47,121.9,12.27,83.59,1014.38,7.6,28.6,216
12/5/2025 14:58,124.46,127.87,126.62,126.07,124.9,125.98,12.18,83.65,1014.31,7.6,29.4,222
12/5/2025 15:13,133.94,134.76,134.32,134.08,133.96,134.21,12.2,83.75,1014.59,7.6,28.4,220
12/5/2025 15:28,122.64,122.64,121.82,123.07,122.66,122.56,12.37,83.54,1014.75,7.6,27.6,220
12/5/2025 15:43,121.39,120.92,122.21,122.57,120.92,121.6,12.25,83.32,1014.67,7.6,28.8,220
12/5/2025 15:58,121.8,121.37,121.83,121.94,121.83,121.75,12,83.56,1014.94,7.59,28.6,216
12/5/2025 16:13,121.94,122.26,121.46,122.3,121.47,121.89,11.9,83.7,1014.98,7.59,28.9,222
12/5/2025 16:28,134.85,134.85,134.97,135.3,134.46,134.88,11.78,83.68,1014.95,7.59,28.4,216
12/5/2025 16:43,124.01,124.44,125.28,124.82,124.44,124.6,11.73,83.79,1014.94,7.59,28.4,216
12/5/2025 16:58,124.95,124.95,124.83,124.95,125.37,125.01,11.66,84,1015.05,7.59,28.3,216
12/5/2025 17:13,123.91,125.62,124.37,122.66,123.53,124.02,11.65,84.04,1015.22,7.59,29,220
12/5/2025 17:28,122.3,122.3,122.31,122.74,122.73,122.48,11.62,83.73,1014.94,7.59,28.5,222
12/5/2025 17:43,121.04,121.04,121.04,121.04,121.04,121.04,11.57,84.15,1015.35,7.59,28.7,222
12/5/2025 17:58,122.21,121.85,121.73,121.77,122.19,121.95,11.58,84.08,1015.31,7.58,28.6,216
12/5/2025 18:13,121.32,121.77,121.34,121.77,121.39,121.51,11.55,84.44,1015.37,7.58,28.8,220
12/5/2025 18:28,121.4,121.03,122.28,121.89,121.85,121.69,11.47,84.12,1015.33,17.66,27.4,206
12/5/2025 18:43,121.04,121.04,121.03,121.04,121.03,121.04,11.45,84.48,1015.71,17.66,27.1,220
12/5/2025 18:58,120.6,120.6,120.58,121.03,121.04,120.77,11.43,84.39,1016.37,17.66,34.4,688
12/5/2025 19:13,120.15,120.6,120.62,120.62,120.63,120.52,11.39,84.88,1016.14,7.58,28.2,220
12/5/2025 19:28,121.42,121.42,121.03,121.04,121.42,121.27,11.38,85.87,1015.58,7.58,27.9,216
12/5/2025 19:43,121.4,121.42,121.4,121.39,120.96,121.32,11.4,85.36,1015.62,17.66,34.4,688
12/5/2025 19:58,120.87,121.34,119.62,120.51,120.5,120.57,11.4,84.94,1015.71,17.66,34.4,688
12/5/2025 20:13,121.01,120.58,120.6,120.98,120.6,120.75,11.36,84.72,1015.41,17.66,34.4,688
12/5/2025 20:28,120.58,120.22,120.6,120.58,120.56,120.51,11.39,85.27,1015.38,17.66,34.4,688
12/5/2025 20:43,120.12,120.51,120.12,120.53,120.12,120.28,11.42,84.96,1015.92,17.66,34.4,688
12/5/2025 20:58,117.67,117.68,117.8,117.63,117.68,117.69,11.46,84.7,1016.37,17.66,34.4,688
12/5/2025 21:13,114.36,114.36,114.36,114.34,114.37,114.36,11.45,84.82,1016.19,17.66,34.4,688
12/5/2025 21:28,111.56,111.58,111.54,111.54,111.54,111.55,11.46,84.64,1016.63,17.66,34.4,688
12/5/2025 21:44,108.97,108.97,108.92,108.82,108.94,108.92,11.44,84.64,1016.29,17.66,34.4,688
12/5/2025 21:59,106.5,106.88,106.5,106.88,106.86,106.72,11.41,84.82,1017.31,17.66,27.3,220
12/5/2025 22:14,105.15,105.22,104.86,105.23,105.23,105.14,11.38,84.87,1017.28,17.66,34.4,206
12/5/2025 22:29,104.34,104.34,103.95,104.07,104,104.14,11.37,84.53,1017.16,7.57,28.4,216
12/5/2025 22:44,104.77,104.77,104.79,104.34,104.77,104.69,11.3,84.57,1017.12,17.66,34.4,688
12/5/2025 22:59,106.78,106.76,106.76,106.78,106.4,106.69,11.24,84.3,1017.16,17.66,34.4,688
12/5/2025 23:14,110.67,110.67,110.67,110.65,110.65,110.66,11.18,84.4,1017.02,17.66,34.4,688
12/5/2025 23:29,115.37,115.35,115.35,115.35,115.45,115.37,11.06,84.18,1016.5,17.66,34.4,688
12/5/2025 23:44,121.08,121.04,121.15,121.08,121.06,121.08,10.97,84.21,1016.43,17.66,34.4,688
12/5/2025 23:59,128.76,129.21,129.19,128.76,129.21,129.03,10.91,84.86,1016.42,17.66,34.4,688
12/6/2025 0:14,131.2,131.11,130.68,131.09,131.09,131.04,10.81,84.41,1015.84,17.66,34.4,688
12/6/2025 0:29,130.75,130.75,130.61,130.61,130.63,130.67,10.7,84.47,1016.11,17.66,34.4,688
12/6/2025 0:44,130.73,129.88,129.95,130.39,130.37,130.26,10.65,84.66,1016.2,17.66,34.4,688
12/6/2025 0:59,130.87,130.84,122.54,130.85,130,129.02,10.58,84.8,1016.12,17.66,34.4,688
12/6/2025 1:14,130.37,130.39,130.84,130.72,130.72,130.61,10.53,84.96,1016.05,17.66,34.4,688
12/6/2025 1:29,130.41,131.56,130.73,131.54,131.56,131.16,10.55,84.63,1015.67,17.66,34.4,688
12/6/2025 1:44,121.1,131.47,131.56,130.73,131.11,129.19,10.63,84.77,1016.18,17.66,34.4,688
12/6/2025 1:59,131.56,121.59,121.59,122.02,121.15,123.58,10.61,85.21,1016.59,17.66,34.4,688
12/6/2025 2:14,131.3,121.63,132.11,132.09,121.61,127.75,10.52,84.83,1016.36,17.66,34.4,688
12/6/2025 2:29,121.16,121.61,121.15,122.04,131.56,123.5,10.59,84.98,1016.57,17.66,34.4,688
12/6/2025 2:44,130.39,121.61,131.18,122.07,121.25,125.3,10.53,84.96,1016.74,17.66,34.4,688
12/6/2025 2:59,132.91,121.23,121.64,120.8,120.8,123.48,10.54,84.83,1016.76,17.66,34.4,688
12/6/2025 3:14,132.48,132.47,132.09,122.54,122.09,128.33,10.56,84.8,1016.83,17.66,34.4,688
12/6/2025 3:29,131.92,131.92,131.13,131.11,130.67,131.35,10.54,84.73,1016.57,17.66,34.4,688
12/6/2025 3:44,132.02,131.63,131.99,131.99,131.18,131.76,10.54,84.49,1015.92,17.66,34.4,688
12/6/2025 3:59,132.09,121.64,132.19,131.76,132.19,129.98,10.54,85.05,1016.7,17.66,34.4,688
12/6/2025 4:14,133.34,133.38,133.36,122.09,133.82,131.2,10.45,85.04,1016.64,17.66,34.4,688
12/6/2025 4:29,120.34,120.36,120.36,120.36,120.36,120.36,10.41,84.54,1016.44,17.66,34.4,688
12/6/2025 4:44,134.18,131.63,132.91,133.7,133.84,133.25,10.33,84.75,1016.3,17.66,34.4,688
12/6/2025 4:59,132.93,132.91,132.91,122.52,132.9,130.83,10.36,84.42,1015.98,17.66,34.4,688
12/6/2025 5:15,132.91,122.09,133,131.3,131.32,130.12,10.35,84.57,1015.55,17.66,34.4,688
12/6/2025 5:30,130.75,130.75,132.74,130.2,132.83,131.45,10.34,84.91,1016.14,17.66,34.4,688
12/6/2025 5:45,130.92,130.48,130.8,132.07,130.37,130.93,10.39,84.71,1016.36,17.66,34.4,688
12/6/2025 6:00,131.3,130.37,130.37,130.36,130.36,130.55,10.47,84.57,1016.66,17.66,34.4,688
12/6/2025 6:15,132.26,130.15,131.01,130.17,130.61,130.84,10.46,84.74,1016.99,17.66,34.4,688
12/6/2025 6:30,132.23,130.94,130.91,130.92,131.78,131.36,10.53,84.88,1017.1,17.66,34.4,688
12/6/2025 6:45,130.48,130.01,130.01,130.46,131.61,130.51,10.5,85.05,1017.23,17.66,34.4,688
12/6/2025 7:00,130.48,131.21,130.34,131.64,132.91,131.32,10.49,84.73,1016.99,17.66,34.4,688
12/6/2025 7:15,131.99,132.88,132.43,132.43,132.11,132.37,10.56,84.77,1017.11,17.66,34.4,688
12/6/2025 7:30,132.54,132.54,132.54,132.54,132.64,132.56,10.61,84.77,1017.29,17.66,34.4,688
12/6/2025 7:45,127.13,127.24,127.22,127.13,127.13,127.17,10.69,84.96,1017.69,17.79,34.4,688
12/6/2025 8:00,122.9,122.88,122.9,123.27,122.86,122.96,10.81,85.09,1017.92,17.79,34.4,688
12/6/2025 8:15,118.97,118.99,118.99,118.59,118.99,118.9,10.88,84.87,1017.95,17.79,34.4,688
12/6/2025 8:30,114.75,114.73,114.65,114.65,114.66,114.69,10.83,84.81,1018.01,17.79,34.4,688
12/6/2025 8:45,110.51,110.53,110.15,110.51,110.03,110.35,10.75,84.55,1018.09,17.79,34.4,688
12/6/2025 9:00,106.14,105.71,106.16,105.7,105.7,105.88,10.8,84.35,1018.35,17.79,34.4,688
12/6/2025 9:15,101.75,101.75,101.75,101.63,101.65,101.71,10.8,84.45,1018.36,17.79,34.4,688
12/6/2025 9:30,97.31,97.31,96.95,97.31,97.31,97.24,10.94,84.27,1018.67,17.79,34.4,688
12/6/2025 9:45,93.11,92.68,92.68,92.68,92.59,92.75,11.19,84.17,1018.71,17.79,34.4,688
12/6/2025 10:00,88.27,88.25,88.25,88.25,88.27,88.26,11.35,83.7,1018.36,17.79,34.4,688
12/6/2025 10:15,84.1,84.09,84.1,84.09,84.09,84.09,11.39,83.58,1018.63,17.79,34.4,688
12/6/2025 10:30,79.75,79.73,79.75,79.76,79.75,79.75,11.47,83.54,1018.71,17.79,34.4,688
12/6/2025 10:45,76.06,76.06,76.04,76.04,76.04,76.05,11.63,83.28,1018.61,17.79,34.4,688
12/6/2025 11:00,72.8,72.8,72.7,72.78,72.8,72.78,11.89,82.96,1018.27,17.79,34.4,688
12/6/2025 11:15,70.56,70.57,70.54,70.56,70.56,70.56,12.07,82.4,1018.25,17.79,34.4,688
12/6/2025 11:30,70.09,70.07,70.09,70.09,70.07,70.09,12.21,81.57,1017.71,17.79,34.4,688
12/6/2025 11:45,71.26,71.62,71.62,71.7,71.64,71.57,12.54,80.78,1017.58,17.79,34.4,688
12/6/2025 12:00,75.13,75.17,75.24,75.24,75.05,75.17,12.29,80.64,1018.18,17.79,34.4,688
12/6/2025 12:15,79.4,79.4,79.39,79.39,79.35,79.39,11.96,81.72,1018.16,17.79,34.4,688
12/6/2025 12:30,83.83,84.19,84.19,83.83,84.17,84.04,11.94,82.35,1017.88,17.79,34.4,688
12/6/2025 12:46,88.24,88.24,88.24,88.24,88.24,88.24,12.33,82.26,1017.37,17.66,34.4,688
12/6/2025 13:01,92.78,92.76,93.12,93.12,92.66,92.89,12.15,82.38,1017.55,17.79,34.4,688
12/6/2025 13:16,97.62,97.17,97.24,97.27,97.65,97.39,12.04,82.74,1018.24,17.79,34.4,688
12/6/2025 13:31,102.52,102.08,102.09,102.52,102.64,102.37,11.91,83.49,1017.79,17.79,34.4,688
12/6/2025 13:46,107.65,107.67,107.58,107.29,107.68,107.58,12.22,83.36,1017.22,17.66,34.4,688
12/6/2025 14:01,113.93,113.89,113.81,113.79,113.82,113.85,12.39,82.82,1017.29,17.66,34.4,688
12/6/2025 14:16,119.23,119.23,119.23,119.23,119.23,119.23,12.23,83.12,1017.49,17.79,34.4,688
12/6/2025 14:31,118.87,118.87,118.97,118.88,118.85,118.89,12.01,83.43,1017.75,17.79,34.4,688
12/6/2025 14:46,121.04,121.04,120.62,121.04,120.6,120.87,11.85,83.94,1017.39,17.79,34.4,688
12/6/2025 15:01,122.4,122.42,122.42,122.86,122.86,122.59,11.69,84.19,1017.33,17.66,34.4,688
12/6/2025 15:16,122.3,121.97,121.85,121.85,121.4,121.87,11.73,84.4,1017.1,17.66,34.4,688
12/6/2025 15:31,121.97,123.14,121.95,121.97,122.42,122.29,11.51,84.51,1017.96,17.79,34.4,688
12/6/2025 15:46,120.68,120.68,121.04,121.04,120.65,120.82,11.39,84.51,1017.18,17.66,34.4,688
12/6/2025 16:01,122.4,122.42,122.42,122.43,122.42,122.42,11.27,84.79,1018,17.79,34.4,688
12/6/2025 16:16,122.06,121.77,122.04,121.68,121.23,121.75,11.11,84.99,1017.9,17.79,34.4,688
12/6/2025 16:31,121.61,121.63,121.63,121.73,121.61,121.64,11.02,85.21,1018.08,17.79,34.4,688
12/6/2025 16:46,122.09,122.54,122.52,122.07,122.11,122.27,10.86,85.37,1017.89,17.79,34.4,688
12/6/2025 17:01,122.42,122.43,121.59,122.4,121.95,122.16,10.74,85.25,1017.95,17.79,34.4,688
12/6/2025 17:16,121.7,121.68,121.7,121.8,122.07,121.79,10.67,85.6,1017.95,17.79,34.4,688
12/6/2025 17:31,122.52,122.54,122.11,122.52,122.54,122.44,10.57,85.57,1017.49,17.79,34.4,688
12/6/2025 17:46,122.54,122.54,122.09,122.52,122.11,122.36,10.55,86.18,1017.84,17.79,34.4,688
12/6/2025 18:01,121.27,122.07,121.71,121.82,121.71,121.72,10.55,86.46,1017.91,17.79,34.4,688
12/6/2025 18:16,122.97,122.54,122.52,122.52,122.98,122.7,10.52,86.85,1018.12,17.79,34.4,688
12/6/2025 18:31,123.07,122.71,121.9,122.73,123.62,122.8,10.5,87.08,1018.55,17.79,34.4,688
12/6/2025 18:46,122.06,122.42,123.34,122.9,122.04,122.55,10.44,87.01,1019.08,17.79,34.4,688
12/6/2025 19:01,122.91,122.09,122.54,122.54,122.52,122.52,10.45,87.16,1019.59,17.79,34.4,688
12/6/2025 19:16,122.95,122.97,122.52,122.07,122.52,122.61,10.38,87.17,1019.26,17.79,34.4,688
12/6/2025 19:31,122.55,122.55,122.16,121.71,122.98,122.39,10.32,87.33,1018.27,17.79,34.4,688
12/6/2025 19:46,122.95,122.97,122.98,122.5,123.33,122.94,10.3,87.49,1019.6,17.79,34.4,688
12/6/2025 20:01,121.73,121.7,122.18,122.11,122.09,121.96,10.32,87.64,1019.52,17.79,34.4,688
12/6/2025 20:17,123.45,123.86,123.86,123.43,123.33,123.58,10.34,87.86,1019.26,17.79,34.4,688
12/6/2025 20:32,123.65,122.79,123.26,123.69,123.6,123.4,10.24,87.73,1019.41,17.79,34.4,688
12/6/2025 20:47,123.81,123.43,123.82,123.81,123.81,123.73,10.22,87.96,1019.76,17.79,34.4,688
12/6/2025 21:02,123.34,123.79,123.7,124.17,124.18,123.84,10.24,88.16,1018.88,17.79,34.4,688
12/6/2025 21:17,123.89,126.26,126.14,126.26,123.89,125.29,10.32,88.17,1019.15,17.79,34.4,688
12/6/2025 21:32,121.54,121.54,121.52,121.97,121.54,121.62,10.28,87.95,1018.69,17.79,34.4,688
12/6/2025 21:47,118.47,118.47,118.58,118.46,118.46,118.49,10.18,87.79,1019.37,17.79,34.4,688
12/6/2025 22:02,115.93,115.93,115.97,116.04,116.05,115.99,10.04,87.53,1019.35,17.79,34.4,688
12/6/2025 22:17,113.05,113.04,113.05,112.95,112.95,113.01,9.86,87.3,1019.61,17.79,34.4,688
12/6/2025 22:32,110.34,110.34,110.27,110.19,110.07,110.24,9.52,86.97,1019.71,17.79,34.4,688
12/6/2025 22:47,107.99,107.63,107.51,107.99,107.99,107.83,9.42,87.1,1020.08,17.92,34.4,688
12/6/2025 23:02,106.3,106.3,106.3,105.94,106.3,106.22,9.55,87.24,1020.22,17.92,34.4,688
12/6/2025 23:17,105.13,105.13,105.13,105.1,104.74,105.04,9.7,87.12,1020.46,17.92,34.4,688
12/6/2025 23:32,105.1,105.1,105.11,105.1,105.1,105.1,9.93,87.28,1020.24,17.92,34.4,688
12/6/2025 23:47,106.91,106.9,106.91,106.93,106.91,106.91,9.92,86.89,1020.12,17.92,34.4,688
12/7/2025 0:02,110.72,110.7,110.69,110.7,110.72,110.71,9.77,86.84,1020.12,17.92,34.4,688
12/7/2025 0:17,115.59,115.61,115.54,115.52,115.71,115.59,9.42,86.66,1020.17,17.92,34.4,688
12/7/2025 0:32,121.59,121.58,121.56,121.68,121.58,121.6,9.23,86.59,1020.08,17.92,34.4,688
12/7/2025 0:47,122.38,122.79,122.81,123.63,122.81,122.89,9.2,86.55,1020.35,17.92,34.4,688
12/7/2025 1:02,123.29,123.27,123.29,123.67,123.27,123.36,9.32,86.81,1020.24,17.92,34.4,688
12/7/2025 1:17,123.12,122.69,123.12,123.12,122.73,122.96,9.39,86.71,1020.06,17.92,34.4,688
12/7/2025 1:32,122.83,123.65,123.63,123.26,123.6,123.39,9.34,86.57,1020.08,17.92,34.4,688
12/7/2025 1:47,122.74,123.55,122.3,122.74,122.76,122.82,9.43,86.63,1019.93,17.79,34.4,688
12/7/2025 2:02,122.74,123.19,123.19,122.73,122.73,122.91,9.61,86.95,1020.34,17.92,34.4,688
12/7/2025 2:17,122.74,122.74,122.74,122.74,123.19,122.83,9.67,86.66,1020.19,17.92,34.4,688
12/7/2025 2:32,122.71,122.73,123.55,123.1,123.1,123.04,9.48,86.66,1019.78,17.79,34.4,688
12/7/2025 2:47,123.29,123.33,123.33,123.74,123.62,123.46,9.2,86.39,1019.86,17.79,34.4,688
12/7/2025 3:02,123.93,123.94,123.1,123.12,123.43,123.5,9.1,86.32,1019.62,17.79,34.4,688
12/7/2025 3:17,123.74,122.93,122.91,122.9,122.9,123.08,9.18,86.67,1019.95,17.92,34.4,688
12/7/2025 3:32,123.27,124.1,123.27,123.29,123.63,123.51,9.18,86.39,1020.15,17.92,34.4,688
12/7/2025 3:48,123.29,123.27,123.27,123.29,123.29,123.28,9.21,86.33,1020.01,17.92,34.4,688
12/7/2025 4:03,124.18,124.18,124.17,124.18,124.18,124.18,9.22,86.39,1020.03,17.92,34.4,688
12/7/2025 4:18,124.13,123.74,124.58,124.58,124.58,124.32,9.26,86.54,1019.91,17.79,34.4,688
12/7/2025 4:33,123.77,124.2,123.75,124.2,124.18,124.02,9.19,86.5,1019.85,17.79,34.4,688
12/7/2025 4:48,123.75,123.34,124.22,123.38,123.77,123.69,9.09,86.34,1019.93,17.79,34.4,688
12/7/2025 5:03,124.27,123.41,123.39,123.82,123.39,123.66,8.97,86.3,1020.04,17.92,34.4,688
12/7/2025 5:18,124.3,123.87,123.43,123.41,123.86,123.77,8.9,86.31,1019.94,17.79,34.4,688
12/7/2025 5:33,123.87,123.41,123.43,123.41,123.31,123.49,8.89,86.45,1020.23,17.92,34.4,688
12/7/2025 5:48,122.14,122.59,123.03,123.86,123.03,122.93,8.86,86.32,1020.54,17.92,34.4,688
12/7/2025 6:03,122.16,122.16,122.16,122.59,122.18,122.25,8.81,86.38,1020.21,17.92,34.4,688
12/7/2025 6:18,122.16,122.13,122.57,122.55,122.57,122.4,8.74,86.53,1020.08,17.92,34.4,688
12/7/2025 6:33,123.05,123.05,123.07,123.07,123.07,123.06,8.61,86.28,1020.21,17.92,34.4,688
12/7/2025 6:48,122.61,123.07,123.05,122.62,122.61,122.79,8.59,86.32,1020.5,17.92,34.4,688
12/7/2025 7:03,123.05,123.05,122.59,122.61,123.03,122.87,8.61,86.35,1020.73,17.92,34.4,688
12/7/2025 7:18,123.89,123.87,123.86,123.43,122.62,123.53,8.61,86.53,1020.96,17.92,34.4,688
12/7/2025 7:33,123.45,123.89,123.48,123.87,123.87,123.71,8.64,86.3,1021.35,17.92,34.4,688
12/7/2025 7:48,123.07,123.07,123.07,122.61,123.07,122.98,8.69,86.05,1021.67,17.92,34.4,688
12/7/2025 8:03,122.61,122.62,122.62,122.64,122.62,122.62,8.74,85.95,1021.21,17.92,34.4,688
12/7/2025 8:18,122.62,123.43,123.41,123.43,123.45,123.27,9.1,85.69,1021.81,17.92,34.4,688
12/7/2025 8:33,122.57,122.57,122.13,122.13,122.13,122.3,9.36,84.91,1022.3,17.92,34.4,688
12/7/2025 8:48,122.54,122.55,123,123.02,123.03,122.83,9.72,84.78,1022.07,17.92,34.4,688
12/7/2025 9:03,123.99,123.99,124.01,123.93,124.01,123.99,10.15,83.73,1021.95,17.92,34.4,688
12/7/2025 9:18,119.3,119.28,119.28,119.3,119.4,119.31,10.07,83.61,1021.74,17.92,34.4,688
12/7/2025 9:33,114.75,114.75,114.73,114.75,114.75,114.75,10.48,82.49,1022.07,17.92,34.4,688
12/7/2025 9:48,110.53,110.51,110.53,110.86,110.84,110.66,10.5,82.52,1022.27,17.92,34.4,688
12/7/2025 10:03,106.54,106.54,106.45,106.07,106.45,106.41,10.42,82.65,1022.1,17.92,34.4,688
12/7/2025 10:18,102.21,102.15,102.2,102.2,102.3,102.21,10.53,81.42,1022.07,17.92,34.4,688
12/7/2025 10:33,97.86,97.5,97.88,97.86,97.98,97.81,10.72,80.91,1022.02,17.92,34.4,688
12/7/2025 10:48,93.81,93.79,93.81,93.74,93.74,93.78,10.76,80.87,1020.81,17.92,34.4,688
12/7/2025 11:03,89.3,89.28,89.3,89.28,89.28,89.29,11.2,79.58,1021.33,17.92,34.4,688
12/7/2025 11:19,85.29,85.65,85.66,85.75,85.66,85.6,11.59,77.99,1022,17.92,34.4,688
12/7/2025 11:34,81.58,81.57,81.58,81.69,81.6,81.6,11.6,76.99,1021.95,7.35,28.7,210
12/7/2025 11:49,78.27,78.26,78.14,78.14,78.17,78.19,11.74,76.86,1020.64,7.35,28.4,210
12/7/2025 12:04,75.91,75.89,75.89,75.89,75.89,75.89,11.61,77.91,1020.78,7.34,28.6,210
12/7/2025 12:19,75.1,75.08,75.08,75.08,74.98,75.07,11.3,77.3,1021.38,7.34,28.6,210
12/7/2025 12:34,76.63,76.54,76.54,76.63,76.63,76.59,11.18,78.58,1020.24,7.33,29.1,212
12/7/2025 12:49,80.48,80.48,80.48,80.48,80.61,80.51,11.35,78.42,1020.42,7.32,28.2,206
12/7/2025 13:04,84.76,84.76,84.4,84.38,84.5,84.56,11.29,78.36,1020.54,7.31,28.6,212
12/7/2025 13:19,88.91,88.92,88.82,88.91,88.91,88.89,11.19,78.3,1020.69,7.3,28.6,210
12/7/2025 13:34,93.42,93.43,93.42,93.43,93.43,93.43,11.46,78.72,1019.94,7.3,28.6,210
12/7/2025 13:49,98.2,98.2,98.18,98.2,98.32,98.22,11.52,78.44,1020.18,7.28,28,204
12/7/2025 14:04,102.61,102.99,102.99,102.99,102.97,102.91,11.41,78.26,1019.85,7.27,28,206
12/7/2025 14:19,108.06,108.05,107.92,108.13,108.06,108.05,11.24,78.8,1019.97,7.26,28.6,210
12/7/2025 14:34,113.76,113.65,113.65,113.65,113.67,113.68,11.01,79.03,1019.78,7.25,29.1,210
12/7/2025 14:49,121.78,122.23,122.19,122.23,122.67,122.22,11,79.78,1019.53,7.24,28.9,210
12/7/2025 15:04,131.81,130.99,131.37,131.37,131.37,131.38,10.92,79.65,1019.97,7.22,29,210
12/7/2025 15:19,128.57,127.27,126.86,126.86,126.74,127.26,10.92,79.97,1020.2,7.21,28.6,204
12/7/2025 15:34,127.73,127.77,127.34,127.77,127.66,127.65,10.9,80.13,1020.42,7.19,28.6,206
12/7/2025 15:49,131.83,127.3,127.78,128.23,128.23,128.68,10.73,80.34,1020.07,7.18,29,210
12/7/2025 16:04,123.43,126.96,125.95,126.07,126.05,125.69,10.54,81.2,1019.55,7.16,28.6,204
12/7/2025 16:19,127.39,127.37,127.85,127.39,127.27,127.46,10.43,81.91,1019.82,7.14,28.2,204
12/7/2025 16:34,127.84,127.39,127.42,127.41,127.32,127.48,10.24,81.83,1019.9,17.79,34.4,688
12/7/2025 16:49,127.44,126.64,126.62,127.34,127.34,127.07,10.06,82.99,1019.28,17.79,34.4,688
12/7/2025 17:04,127.44,127,127.44,127.82,127.34,127.41,9.8,83.63,1019.27,17.79,34.4,688
12/7/2025 17:19,133.14,133.22,133.68,133.32,133.32,133.34,9.62,84.13,1018.93,17.79,34.4,688
12/7/2025 17:34,133.7,140.18,128.37,128.35,140.22,134.16,9.51,84.7,1018.93,17.79,34.4,688
12/7/2025 17:49,128.35,127.92,127.44,127.9,122.57,126.84,9.38,84.53,1018.7,17.79,34.4,688
12/7/2025 18:04,128.8,128.33,128.35,127.92,128.33,128.35,9.29,85.19,1019.09,17.79,34.4,688
12/7/2025 18:19,121.77,123.39,124.83,122.21,121.78,122.8,9.18,85.74,1018.53,17.79,34.4,688
12/7/2025 18:34,121.77,121.77,122.59,120.86,120.92,121.58,9.07,86,1018.52,17.79,34.4,688
12/7/2025 18:50,121.94,122.01,122.38,122.38,126.29,123,9.04,86.71,1019.96,17.92,34.4,688
12/7/2025 19:05,127.18,127.65,127.22,126.65,127.12,127.16,9,86.6,1018.95,17.79,34.4,688
12/7/2025 19:20,127.66,128.04,128.04,128.5,128.49,128.15,8.89,86.68,1019.36,17.79,34.4,688
12/7/2025 19:35,126.48,127.82,122.21,120.53,127.46,124.9,8.81,86.95,1019.36,17.79,34.4,688
12/7/2025 19:50,126.84,126.86,126.48,127.2,126.04,126.68,8.71,87.13,1019.16,17.79,34.4,688
12/7/2025 20:05,128.38,132.96,128.85,127.13,127.56,128.98,8.76,87.62,1019.57,17.79,34.4,688
12/7/2025 20:20,128.23,127.77,127.78,127.78,127.66,127.85,8.63,87.51,1018.58,17.79,34.4,688
12/7/2025 20:35,127.68,126.86,122.52,122.07,126.41,125.11,8.49,87.67,1018.47,17.79,34.4,688
12/7/2025 20:50,121.99,128.47,128.38,122.33,123.24,124.88,8.45,87.67,1019.06,17.79,34.4,688
12/7/2025 21:05,128.2,127.77,127.36,129.11,127.82,128.05,8.3,87.46,1018.82,17.79,34.4,688
12/7/2025 21:20,123.89,122.62,122.62,123.05,124.32,123.3,8.32,87.44,1018.79,17.79,34.4,688
12/7/2025 21:35,122.61,122.59,123.45,123.87,123.46,123.2,8.22,87.41,1018.61,17.79,34.4,688
12/7/2025 21:50,125.25,125.25,125.59,125.71,125.71,125.5,8.26,87.38,1018.24,17.79,34.4,688
12/7/2025 22:05,126.65,126.67,127.12,126.69,127.06,126.84,8.32,87.3,1018.28,17.79,34.4,688
12/7/2025 22:20,121.59,122.02,121.66,122.47,122.5,122.05,8.35,87.09,1018.22,17.79,34.4,688
12/8/2025 8:50,127.15,123.7,127.03,126.28,123.26,125.48,13.26,68.99,1018.36,17.79,inf,0
12/8/2025 9:05,127.24,128.14,126.79,127.22,126.29,127.14,13.22,61.49,1018.52,6.06,nan,0
12/8/2025 9:20,127.68,127.68,127.25,127.32,127.58,127.5,11.75,65.48,1018.29,5.93,nan,0
12/8/2025 9:35,129.09,127.8,128.61,128.26,127.42,128.24,14.06,61.22,1018.56,6.01,nan,0
12/8/2025 9:50,125.74,125.76,125.73,125.83,125.83,125.78,15.38,57.05,1018.45,6.14,nan,0
12/8/2025 10:05,121.4,121.8,121.78,121.44,121.34,121.55,14.26,58.39,1018.34,6.14,nan,0
12/8/2025 10:20,117.72,117.7,117.39,117.65,117.65,117.62,17.07,53.49,1018.19,6.25,nan,0
12/8/2025 10:35,113.72,113.55,113.55,113.55,113.55,113.58,18.42,50.01,1017.82,6.37,nan,0
12/8/2025 10:50,109.37,109.37,109.37,109.25,109.28,109.32,19.7,47.2,1017.66,6.47,nan,0
12/8/2025 11:05,105.22,105.2,105.18,105.18,105.11,105.18,16.26,54.01,1017.74,6.46,nan,0
12/8/2025 11:20,100.96,100.5,100.67,100.93,100.94,100.8,14.68,57.01,1017.68,6.44,nan,0
12/8/2025 11:35,96.37,96.35,96.26,96.35,96.3,96.32,13.66,60.64,1017.86,6.4,nan,0
12/8/2025 11:50,92.68,92.25,92.7,92.23,92.56,92.48,12.96,63.17,1017.78,6.35,nan,0
12/8/2025 12:05,88.36,88.34,88.34,88.34,88.25,88.33,12.54,63.19,1017.45,6.28,nan,0
12/8/2025 12:20,84.65,84.29,84.28,84.29,84.28,84.36,12.28,63.62,1017.5,6.21,nan,0
12/8/2025 12:35,80.55,80.57,80.55,80.57,80.67,80.58,12.15,64.48,1017.2,6.12,nan,0
12/8/2025 12:50,77.69,77.67,77.71,77.69,77.69,77.69,12.26,63.43,1017.26,5.99,nan,0
12/11/2025 10:00,128.02,126.29,122.4,127.12,126.76,126.12,11.55,55.01,1017.04,5.88,52.4,308
12/11/2025 10:15,122.81,121.92,121.94,122.38,139.02,125.61,12.91,50.36,1016.96,5.94,29.1,174
12/11/2025 10:30,137.59,136.74,132.23,134.56,132.38,134.7,20.23,37.69,1016.85,6.3,28.9,184
12/11/2025 10:45,122.43,133.55,134.44,122.9,131.9,129.04,23.58,29.74,1017,6.48,28.3,184
12/11/2025 11:00,120.41,120.41,136.36,134.76,120.89,126.57,25.41,26.99,1016.79,6.6,27.7,190
12/11/2025 11:15,136.03,120.31,120.43,136.53,134.66,129.59,25.77,24.67,1016.97,6.68,29.1,194
12/11/2025 11:30,134.9,121.13,120.22,131.3,120.67,125.64,25.94,23.95,1016.63,6.74,28.5,194
12/11/2025 11:45,122.88,134.15,123.86,135.67,133.03,129.92,26.09,24.69,1015.94,6.8,27.7,196
12/11/2025 12:00,121.61,119.16,119.52,135.76,134.13,126.04,26.37,23.03,1015.77,6.83,28.6,196
12/11/2025 12:15,120.05,126.79,135.24,133.55,134.54,130.03,26.8,23.58,1015.97,6.85,28.5,196
12/11/2025 12:30,127.32,121.63,132.96,125.38,120.34,125.53,27.29,23.81,1015.87,6.86,28.4,200
12/11/2025 12:45,133.26,132.91,132.18,131.11,129.5,131.79,26.55,23.28,1015.95,6.87,28.2,200
12/11/2025 13:00,121.01,135.31,134.52,120.63,133.15,128.93,27.07,22.8,1015.55,6.88,29,200
12/11/2025 13:15,127.32,126.05,126.94,120.46,119.21,124,27.77,22.13,1015.32,6.88,28.6,196
12/11/2025 13:30,132.19,132.14,131.8,132.21,125.16,130.7,28.1,21.18,1015.44,6.89,28.8,196
12/11/2025 13:45,129.35,129.79,129.79,129.69,129.69,129.66,28.49,20.92,1015.11,6.89,29,200
12/11/2025 14:00,124.78,119.55,124.53,125.69,122.61,123.43,27.7,22.65,1015.23,6.9,28.9,200
12/11/2025 14:15,123.82,119.79,119.33,124.42,122.78,122.03,28.39,21.84,1015.2,6.91,28.9,200
12/11/2025 14:30,122.98,123.05,123.07,122.61,122.98,122.94,28.67,21.72,1015.19,6.93,28.8,200
12/11/2025 14:45,121.15,121.27,121.25,121.27,121.25,121.24,28.89,20.88,1015.45,6.94,29.1,204
12/11/2025 15:00,120.43,120.07,120.43,120.41,119.98,120.26,29.03,21.13,1015.58,6.97,29.1,204
12/11/2025 15:15,119.72,119.26,119.36,119.35,119.26,119.39,29.29,20.37,1015.51,6.99,29.2,204
12/11/2025 15:30,120.26,119.79,119.54,120.26,120.24,120.02,29.1,20.48,1015.7,7.01,28.8,206
12/11/2025 15:45,122.62,122.16,122.61,122.57,122.67,122.53,29.29,19.86,1015.8,7.04,28.7,204
12/11/2025 16:00,126.41,126.76,126.77,124.63,123.45,125.6,28.87,21.04,1015.97,7.06,28.5,200
12/11/2025 16:15,133.02,125.25,123.02,123.02,123.93,125.64,28.17,22.29,1016.05,7.07,28.4,200
12/11/2025 16:30,133.67,131.52,132.4,137.61,135.47,134.13,25.73,23.95,1016.05,7.09,28.6,204
12/11/2025 16:45,131.76,131.35,131.32,131.76,131.35,131.51,20.32,29.37,1016.04,7.08,29.1,206
12/11/2025 17:00,132.6,132.23,132.23,132.24,126.74,131.21,16.11,36.11,1016.29,7.08,29.2,210
12/11/2025 17:16,133.91,139.94,140.34,133.89,142.12,138.04,13.41,36.77,1016.43,7.06,29.2,206
12/11/2025 17:31,131.61,130.36,131.61,133.34,132.07,131.8,11.26,39.33,1016.68,7.04,29.6,210
12/11/2025 17:46,129.35,129.33,131.42,131.76,129.33,130.24,9.47,38.92,1016.46,7.02,29.9,212
12/11/2025 18:01,126.5,126.93,127.78,126.84,126.82,126.98,8.17,44.22,1016.78,7,30,210
12/11/2025 18:16,125.44,125.44,125.32,126.7,125.42,125.66,7.15,41.82,1016.95,6.98,30.1,210
12/11/2025 18:31,127.13,127.56,127.56,127.1,127.42,127.36,6.34,42.62,1017.25,6.95,29.5,206
12/11/2025 18:46,131.44,131.33,130.97,130.51,130.53,130.96,5.72,43.34,1017.57,6.92,30.1,206
12/11/2025 19:01,131.81,131.8,131.44,132.24,132.26,131.91,5.25,44.14,1017.85,6.89,29.8,204
12/11/2025 19:16,131.57,131.49,131.92,131.51,131.51,131.6,4.86,45.27,1017.88,6.86,30.8,210
12/11/2025 19:31,132.38,132.38,132.81,131.99,131.66,132.24,4.5,46.16,1017.96,6.82,30.6,206
12/11/2025 19:46,131.61,131.64,132.47,132.06,132.04,131.96,4.19,47.13,1018.33,6.78,30.2,204
12/11/2025 20:01,131.42,131.71,130.87,132.16,131.69,131.57,3.89,48.07,1018.12,6.74,30.6,206
12/11/2025 20:16,129.72,129.74,129.72,131.01,131.45,130.33,3.63,49.72,1018.07,6.69,30.6,204
12/11/2025 20:31,129.35,129.35,128.93,130.63,131.9,130.03,3.39,50.21,1018.14,6.63,30.5,204
12/11/2025 20:46,134.06,139.4,140.6,132.24,132.28,135.71,3.17,50.43,1018.32,6.57,30.5,200
12/11/2025 21:01,133.2,131.47,132.76,133.63,132.45,132.7,2.98,51.16,1018.29,6.5,31,200
12/11/2025 21:16,131.93,129.02,130.63,132.36,133.22,131.43,2.84,52.35,1018.3,6.41,30.1,194
12/11/2025 21:31,132.74,132.74,132.36,133.2,133.31,132.87,2.74,56.84,1018.5,6.29,30.4,190
12/11/2025 21:46,133.63,133.65,133.67,132.02,133.36,133.27,2.67,53.96,1018.44,6.13,30.1,184
12/13/2025 16:30,124.66,125.09,124.63,124.63,125.11,124.82,31.6,31.27,1019.21,6.88,52,360
12/13/2025 16:45,138.07,137.82,124.66,129.91,124.18,130.93,27.13,37.3,1019.3,6.89,28.9,200
12/13/2025 17:00,120.67,120.24,120.22,120.22,121.49,120.57,23.15,42.99,1019.28,6.87,28.9,200
12/13/2025 17:15,120.08,121.37,121.34,120.51,120.53,120.77,20.67,45.89,1019.28,6.84,28.2,200
12/13/2025 17:30,124.37,130.97,130.99,131.04,131.42,129.76,18.93,54.81,1019.42,6.81,28.8,200
12/13/2025 17:45,131.92,132.36,125.83,131.63,131.95,130.74,17.76,54.22,1019.43,6.78,29.2,196
12/13/2025 18:00,131.13,131.47,131.01,132.3,138.06,132.79,16.63,54.52,1019.53,6.74,28.6,196
12/13/2025 18:15,123.27,119.95,119.86,121.11,121.54,121.15,15.98,61.98,1019.66,6.69,29.3,196
12/13/2025 18:30,120.51,120.96,122.23,122.67,120.96,121.47,15.42,63.46,1019.84,6.64,29.1,194
12/13/2025 18:45,120.44,120.43,120.89,120.43,121.3,120.7,14.94,62.85,1019.99,6.58,28.9,190
12/13/2025 19:00,122.33,122.33,124.49,122.35,121.54,122.61,14.59,69.01,1020.08,6.52,28.9,190
12/13/2025 19:15,124.34,124.32,124.32,124.3,124.75,124.41,14.38,67.19,1020.07,6.44,29,186
12/13/2025 19:30,122.04,124.11,125.04,123.77,124.49,123.89,14.05,66.76,1020.06,6.34,29,184
12/13/2025 19:45,123.99,124.8,125.26,125.25,124.42,124.75,13.8,65.47,1020.15,6.21,28.6,176
12/13/2025 20:00,123.7,122.9,124.17,123.36,124.54,123.73,13.49,67.53,1020.12,6.02,28.7,174
12/14/2025 8:55,134.94,134.95,135.02,134.94,135.38,135.05,18.83,64.99,1016.6,5.96,52.5,312
12/14/2025 9:10,134.9,134.9,134.94,134.97,134.88,134.92,19.96,61.3,1017.12,5.91,28.4,168
12/15/2025 9:00,130.05,128.78,129.64,130.49,130.01,129.79,-0.36,35.06,1035.1,5.88,53.4,314
12/15/2025 9:15,133.12,133.65,129.38,134.03,130.75,132.19,3.74,30.85,1035.21,6.14,30.5,186
12/15/2025 9:30,135.42,133.7,135,134.95,123.1,132.44,9.63,23.12,1035.28,6.46,29.8,194
12/15/2025 9:45,139.86,132.54,133.82,136.81,136.72,135.95,12.81,21.74,1035.12,6.65,29.6,196
12/15/2025 10:00,124.8,127.72,128.52,131.93,133.34,129.26,14.09,19.45,1035.04,6.78,29,204
12/15/2025 10:15,127.68,133.24,124.61,132.78,123.72,128.41,14.14,18.52,1035.1,6.86,29.5,204
12/15/2025 10:30,129.65,127,127.46,126.57,126.53,127.44,15.35,18.41,1034.96,6.94,29.5,204
12/15/2025 10:45,134.78,134.32,134.4,137.85,137.03,135.68,15.84,18.59,1034.9,6.99,29.8,210
12/15/2025 11:00,137.41,136.86,125.2,124.47,136.14,132.01,16.55,20.98,1034.82,7.04,29.2,206
12/15/2025 11:15,132.5,125.2,126.1,125.57,126,127.07,17.4,17.27,1034.61,7.07,28.7,210
12/15/2025 11:30,121.25,121.22,121.56,123.09,134.3,124.28,17.71,16.01,1034.33,7.1,29.3,210
12/15/2025 11:45,129.53,131.61,121.83,122.95,120.02,125.19,17.62,16.84,1033.96,7.13,29.6,210
12/15/2025 12:00,121.11,122.47,126.55,120.03,122.28,122.49,19.02,15.98,1033.67,7.14,29.2,210
12/15/2025 12:15,120.7,124.1,120.05,122.5,121.42,121.75,18.95,15.61,1033.37,7.16,28.9,206
12/15/2025 12:30,123.75,123.86,136.21,120.86,119.59,124.85,18.79,18.14,1033.12,7.16,29,210
12/15/2025 12:45,138.81,132.42,135.28,120.7,133.51,132.14,19.49,17.17,1032.72,7.17,29.4,210
12/15/2025 13:00,129.76,119.6,134.34,129.91,123.26,127.37,20.17,16.57,1032.44,7.17,28.2,210
12/15/2025 13:15,121.58,133.96,124.42,120.89,119.62,124.09,20.53,14.41,1032,7.17,28.8,210
12/15/2025 13:30,137.77,134.71,142.17,126.62,124.22,133.1,21.16,15.23,1031.81,7.17,29.6,212
12/15/2025 13:45,121.42,121.04,121.89,121.06,123.57,121.8,21.35,14.39,1031.6,7.18,28.7,210
12/15/2025 14:00,120.22,119.4,121.06,120.79,120.77,120.45,21.69,15.05,1031.31,7.18,29.2,210
12/15/2025 14:15,137.05,119.79,120.17,119.28,118.94,123.04,22.2,14.47,1031.31,7.19,28.2,210
12/15/2025 14:30,120.56,132.57,121.4,138.28,136.75,129.91,22.66,14.54,1031.31,7.2,29.7,212
12/15/2025 14:45,139.41,120.89,121.78,121.71,121.2,125,22.28,14.4,1031.43,7.21,29,210
12/15/2025 15:00,121.47,137.99,121.92,135.93,120.19,127.5,22.85,13.83,1031.41,7.22,28.6,212
12/15/2025 15:15,120.55,128.85,119.04,130.24,125.45,124.82,23.98,14.73,1031.26,7.23,28.9,206
12/15/2025 15:30,135.31,135.42,123.5,120.55,131.21,129.2,24.61,13.15,1031.38,7.24,28.6,210
12/15/2025 15:45,119.35,123.19,120.29,125.61,126.16,122.92,24.61,13.62,1031.32,7.26,28.4,216
12/15/2025 16:00,134.64,134.22,133.79,135.59,135.02,134.65,23.46,15.26,1031.28,7.27,28.8,212
12/15/2025 16:16,137.75,136.05,135.69,137.83,135.67,136.6,23.54,14.95,1031.27,7.28,28.5,216
12/15/2025 16:31,134.35,135.66,134.01,134.46,134.8,134.65,19.52,16.74,1030.91,7.29,29.1,212
12/15/2025 16:46,120.6,121.52,122.31,121.4,121.4,121.45,15.38,18.46,1030.95,7.29,28.9,210
12/15/2025 17:01,140.2,123.41,133.79,133.8,133.89,133.02,9.89,20.88,1030.88,7.29,29.7,216
12/15/2025 17:16,140.75,126.16,125.56,140.68,140.32,134.69,6.78,25.15,1031.09,7.29,30.1,220
12/15/2025 17:31,140.54,140.13,137.59,135.06,133.67,137.4,4.48,25.8,1031.18,7.28,29.7,216
12/15/2025 17:46,133.29,133.26,134.11,134.66,134.13,133.89,2.68,25.3,1031.14,7.27,30,220
12/15/2025 18:01,136.51,138.64,136.93,134.8,136.6,136.7,1.43,25.39,1031.13,7.25,30.6,222
12/15/2025 18:16,135.26,134.83,135.35,135.26,135.26,135.19,0.56,26.19,1031.32,7.24,30,220
12/15/2025 18:31,133.1,133.55,133.55,134.08,134.1,133.67,-0.13,27.05,1031.34,7.23,30.2,220
12/15/2025 18:46,133.74,135.85,134.2,133.39,133.29,134.09,-0.61,30.12,1031.3,7.21,30.3,220
12/15/2025 19:01,134.11,135.02,134.59,134.68,134.58,134.6,-1,32.05,1031.27,7.2,30.6,220
12/15/2025 19:16,135.31,134.88,134.99,134.88,136.6,135.33,-1.25,32.67,1031.28,7.18,30.5,220
12/15/2025 19:31,134.63,134.68,134.78,134.34,133.39,134.36,-1.51,31.53,1031.36,7.16,29.8,220
12/15/2025 19:46,134.23,133.79,132.95,133.87,133.5,133.67,-1.75,31.78,1031.31,7.14,31.1,222
12/15/2025 20:01,133.02,132.96,133,133.8,133.92,133.34,-1.9,32.34,1031.35,7.12,30.1,216
12/15/2025 20:16,134.25,134.73,134.71,134.39,134.71,134.56,-2.07,32.68,1031.31,7.1,30.2,220
12/15/2025 20:31,133.91,133.48,133.07,134.44,134.76,133.93,-2.24,34.23,1030.91,7.08,30.6,220
12/15/2025 20:46,134.82,134.82,134.49,134.47,133.98,134.51,-2.42,34.17,1030.62,7.05,30.4,212
12/15/2025 21:01,134.83,135.21,135.76,133.96,134.82,134.92,-2.56,35.54,1030.44,7.03,31,216
12/15/2025 21:16,136.1,136.09,135.38,136.14,136.1,135.96,-2.63,35.72,1030.33,7,31.2,220
12/15/2025 21:31,136.1,137.01,135.38,134.9,135.73,135.82,-2.74,36.56,1030.31,6.98,30.7,216
12/15/2025 21:46,135.76,135.33,135.86,135.73,135.71,135.68,-2.85,39.17,1030.29,6.95,30.8,216
12/15/2025 22:01,138.81,138.83,139.28,139.33,139.29,139.11,-2.99,37.96,1030.24,6.92,31,212
12/15/2025 22:16,139.74,139.72,134.94,139.74,139.74,138.77,-3.03,38.47,1030.33,6.88,30.8,212
12/15/2025 22:31,137.95,138.83,138.37,138.81,138.86,138.57,-3.08,39.24,1030.26,6.85,31.1,212
12/15/2025 22:46,129.53,129.95,129.11,129.95,129.11,129.53,-3.14,39.66,1030.35,6.81,30,210
12/15/2025 23:01,129.14,128.23,130.43,129.11,129.12,129.2,-3.22,40.85,1030.08,6.77,31,210
12/15/2025 23:16,140.65,134.25,135.02,134.59,140.22,136.95,-3.31,40.75,1030.06,6.72,30.8,210
12/15/2025 23:31,141.08,134.3,135.02,135.49,140.53,137.28,-3.37,40.9,1030.02,6.67,30.7,206
12/15/2025 23:47,133.74,135.9,134.73,139.76,140.2,136.86,-3.35,43.74,1029.9,6.61,30.8,204
12/16/2025 0:02,135.04,139.79,135.43,135.43,135.42,136.22,-3.35,44.76,1029.82,6.54,30.9,200
12/16/2025 0:17,134.56,138.83,131.23,129.95,130.39,132.99,-3.41,44.34,1029.7,6.46,31,200
12/16/2025 0:32,135.04,135.5,135.59,134.64,135.5,135.26,-3.52,44.36,1029.43,6.35,31,196
12/16/2025 0:47,134.23,133.41,133.41,136.05,135.95,134.61,-3.6,44.13,1029.27,6.21,31.1,194
12/16/2025 1:02,135.49,135.49,135.62,135.09,135.49,135.43,-3.68,45.05,1029,6,30.6,184
12/16/2025 9:00,129.28,129.28,123.84,124.66,124.66,126.34,2.15,53.39,1028.82,5.96,53.4,318
12/16/2025 9:15,126.74,126.74,125.93,125.38,125.49,126.06,7.63,44.52,1028.97,6.16,30,184
12/16/2025 9:30,123.39,137.13,123.02,137.13,123.03,128.74,15.98,33.94,1029.04,6.45,29.5,190
12/16/2025 9:45,129.36,136.29,137.73,138.04,122.55,132.8,19.94,26.78,1029.07,6.63,28.9,194
12/16/2025 10:00,133.24,127.9,127.1,137.03,121.78,129.41,22.78,22.79,1028.82,6.75,28.6,194
12/16/2025 10:15,127.9,135.35,128.33,132.02,136.63,132.05,23.94,19.68,1028.75,6.84,28.8,196
12/16/2025 10:30,134.51,134.51,134.94,134.61,134.51,134.61,24.28,19.42,1028.64,6.92,29,200
12/16/2025 10:45,135.57,135.64,135.66,126.81,135.57,133.85,24.8,17.77,1028.28,6.97,28.6,200
12/16/2025 11:00,134.61,131.09,132.35,135.14,134.88,133.62,25,17.18,1027.91,7.01,29.1,204
12/16/2025 11:15,134.64,135.57,138.35,135.64,135.64,135.97,25.95,16.53,1027.7,7.05,28.8,204
12/16/2025 11:30,136.31,130.51,133.24,131.61,132.5,132.83,27.16,15.87,1027.36,7.08,28.6,204
12/16/2025 11:45,136.17,130.85,131.78,134.92,135.91,133.93,28.06,16.61,1027.11,7.1,29.1,206
12/16/2025 12:00,134.34,135.14,134.4,135.31,134.56,134.75,28.4,13.48,1026.79,7.12,28.7,206
12/16/2025 12:15,135.66,136.45,134.76,134.56,135.47,135.38,28.75,14.21,1026.49,7.14,28.9,206
12/16/2025 12:30,134.15,134.16,131.81,135.86,134.52,134.1,29.89,12.51,1026.19,7.14,29.2,210
12/16/2025 12:45,132.81,130.46,132.45,129.17,131.81,131.34,30.25,12.65,1025.86,7.14,29,206
12/16/2025 13:00,131.2,135.18,124.8,135.59,124.34,130.22,30.57,12.63,1025.69,7.15,27.9,206
12/16/2025 13:15,132.81,135.06,134.61,130.77,133.1,133.27,30.96,13.14,1025.48,7.15,28.5,204
12/16/2025 13:30,133.82,132.98,133.36,135.43,134.37,133.99,31.8,13.64,1025.4,7.15,28.9,206
12/16/2025 13:45,133.8,134.63,131.56,130.22,134.51,132.94,32.58,12.98,1025.09,7.15,28.2,204
12/16/2025 14:00,134.2,134.18,126.89,128.97,133.77,131.6,32.55,12.19,1024.98,7.16,28.3,204
12/16/2025 14:15,128.76,130.46,133.46,139.94,139.21,134.37,32.7,11.54,1024.8,7.16,28.5,204
12/16/2025 14:30,133.12,132.84,132.84,129.96,133.2,132.39,32.97,12.26,1024.72,7.17,28.2,204
12/16/2025 14:45,139.57,125.71,139.57,135.36,136.72,135.39,32.99,12.26,1024.65,7.18,28.6,206
12/16/2025 15:00,130.1,132.04,135.43,136.24,133.8,133.52,33.35,13.31,1024.55,7.2,28.5,206
12/16/2025 15:15,132.4,137.44,135.28,129.62,128.81,132.71,33.5,13.68,1024.56,7.21,29.1,210
12/16/2025 15:30,131.61,130.32,132.74,132.74,134.35,132.35,33.94,13.77,1024.53,7.22,28.6,210
12/16/2025 15:45,137.66,135.95,132.71,132.26,133.86,134.49,33.82,13.99,1024.42,7.23,28.5,206
12/16/2025 16:00,134.64,133.5,134.75,134.85,135.5,134.65,33.32,15.87,1024.37,7.25,28.5,206
12/16/2025 16:16,134.2,136.27,135,134.52,132.76,134.55,32.56,16.93,1024.39,7.26,28.7,210
12/16/2025 16:31,134.28,136,134.85,135.09,135.09,135.06,28.07,20.69,1024.36,7.26,28,210
12/16/2025 16:46,134.47,135.36,135.38,134.94,134.94,135.02,23.39,22.96,1024.36,7.27,28.4,212
12/16/2025 17:01,133.87,133.43,133.86,133.5,134.76,133.88,18.01,26.34,1024.47,7.27,29.3,212
12/16/2025 17:16,134.95,134.16,133.74,134.3,133.74,134.18,14.39,28.54,1024.52,7.26,29.1,212
12/16/2025 17:31,134.73,134.28,134.73,134.82,134.27,134.57,11.83,29.51,1024.56,7.26,29.5,212
12/16/2025 17:46,136.21,135.76,135.86,134.9,135.31,135.61,9.93,31.67,1024.63,7.24,30,220
12/16/2025 18:01,135.52,134.73,135.19,134.27,135.54,135.05,8.49,32.12,1024.7,7.23,30.2,216
12/16/2025 18:16,135.5,138.13,135.98,136.81,135.95,136.47,7.32,33.38,1024.86,7.22,30.4,220
12/16/2025 18:31,135.06,135.09,135.18,135.07,135.07,135.09,6.54,34.87,1025,7.21,29.8,216
12/16/2025 18:46,135.71,135.69,135.79,135.69,135.69,135.71,5.95,35.79,1025.16,7.19,30.1,216
12/16/2025 19:01,135.74,136.19,135,135.76,135.31,135.6,5.44,36.77,1025.25,7.17,29.9,212
12/16/2025 19:16,135.86,135.88,135.97,135.85,135.86,135.88,4.98,37.31,1025.45,7.15,30.1,216
12/16/2025 19:31,135.47,135.04,135.57,135.04,134.61,135.15,4.58,38.33,1025.53,7.14,29.6,216
12/16/2025 19:46,135.55,135.09,135.21,135.07,135.11,135.21,4.25,39.04,1025.65,7.12,29.9,212
12/16/2025 20:01,136.02,135.18,134.83,135.59,135.57,135.44,3.94,39.67,1025.75,7.1,30.1,216
12/16/2025 20:16,136.46,136.48,136.48,136.5,136.5,136.48,3.69,40.48,1025.81,7.08,29.7,212
12/16/2025 20:31,136.55,136.1,136.51,136.1,136.09,136.27,3.55,42.08,1025.85,7.05,30.4,216
12/16/2025 20:46,136.6,135.74,136.67,136.14,136.12,136.25,3.33,42.19,1025.89,7.03,29.7,210
12/16/2025 21:01,136.62,137.46,137.03,136.63,136.75,136.9,3.16,42.71,1025.92,7.01,30.5,212
12/16/2025 21:16,136.67,136.22,137.06,137.06,136.77,136.76,3.03,43.22,1025.94,6.98,30.2,212
12/16/2025 21:31,137.11,137.13,137.1,137.11,137.22,137.13,2.88,43.7,1025.88,6.95,30,210
12/16/2025 21:46,136.26,136.24,136.7,136.24,136.24,136.34,2.76,44.4,1025.94,6.92,30.4,210
12/16/2025 22:01,136.26,135.86,136.38,136.27,136.26,136.21,2.72,44.92,1025.97,6.89,30.1,206
12/16/2025 22:16,136.7,136.27,136.69,136.31,136.29,136.45,2.67,45.54,1026.03,6.85,29.9,206
12/16/2025 22:31,135.9,136.33,136.72,135.9,135.9,136.15,2.61,46.05,1025.93,6.82,30.3,206
12/16/2025 22:46,136.31,136.31,136.39,136.31,136.31,136.33,2.55,46.81,1025.84,6.78,30.8,210
12/16/2025 23:01,136.34,136.33,136.34,136.33,136.34,136.34,2.47,47.06,1025.59,6.73,30.7,206
12/16/2025 23:16,136.34,136.81,135.91,136.33,136.34,136.35,2.42,47.36,1025.47,6.68,30.9,206
12/16/2025 23:31,136.31,136.33,136.33,136.33,136.33,136.32,2.4,48.09,1025.29,6.62,30,200
12/16/2025 23:47,136.34,136.75,136.33,136.34,136.75,136.5,2.33,48.46,1025.19,6.56,30.4,200
12/17/2025 0:02,136.81,136.36,136.36,136.39,136.38,136.46,2.25,49.41,1025.11,6.49,30.4,196
12/17/2025 0:17,136.79,136.43,136.81,136.81,136.48,136.66,2.24,49.57,1024.96,6.4,29.9,190
12/17/2025 0:32,136.89,136.41,136.43,136.43,136.41,136.51,2.23,51.85,1024.81,6.27,30.2,190
12/17/2025 0:47,136.38,136.81,136.43,136.81,136.41,136.57,2.22,51.14,1024.79,6.1,30.8,186
12/19/2025 9:05,107.34,107.26,107.26,107.24,107.17,107.25,20.37,53.66,1012.74,5.98,53.3,318
12/19/2025 9:20,108.01,108.11,107.99,108.01,107.96,108.02,23,39.77,1013.05,6.2,28.9,180
12/19/2025 9:35,110.14,109.78,110.05,109.95,109.97,109.98,26.64,33.06,1013.16,6.47,28.6,184
12/19/2025 9:50,113.28,113.28,113.21,113.17,113.16,113.22,27.92,31.59,1013.61,6.62,28.3,196
12/19/2025 10:05,118.04,117.89,118.04,118.04,117.97,118,28.25,29.46,1013.43,6.74,28.6,194
12/19/2025 10:20,123.43,123.07,123.41,123.36,123.41,123.34,29.11,30.2,1013.44,6.82,29.2,200
12/19/2025 10:35,129.6,129.19,129.55,129.64,129.19,129.43,28.63,29.42,1013.48,6.89,29.2,200
12/19/2025 10:50,131.88,131.13,131.88,131.13,132.33,131.67,28.87,28.49,1013.52,6.94,28.6,200
12/19/2025 11:05,130.75,131.47,130.67,131.11,131.11,131.02,30.57,27.23,1013.69,6.99,28.4,200
12/19/2025 11:20,131.3,130.75,130.94,130.39,131.09,130.9,29.73,26.86,1013.91,7.02,28.5,200
12/19/2025 11:35,130.85,130.87,131.2,130.75,131.2,130.97,29.89,24.84,1013.74,7.06,28.6,204
12/19/2025 11:50,131.09,131.06,130.97,130.97,130.63,130.95,31.24,25.37,1013.66,7.08,28.1,204
12/19/2025 12:05,130.44,130.97,131.4,131.3,130.91,131.01,31.06,24.43,1013.3,7.09,27.8,206
12/19/2025 12:20,129.72,130.07,130.08,129.72,130.08,129.94,31.9,23.92,1013.3,7.1,28.9,206
12/19/2025 12:35,129.76,129.77,130.22,131.93,130.32,130.4,31.79,22.56,1013.13,7.11,28.9,206
12/19/2025 12:50,130.2,130.58,130.13,130.94,130.48,130.47,31.95,22.45,1012.89,7.12,28.9,206
12/19/2025 13:05,129.69,130.15,129.77,129.31,129.67,129.72,32.31,20.56,1012.75,7.12,28.2,206
12/19/2025 13:20,129.31,130.03,130.13,130.2,130.58,130.05,32.49,19.84,1012.37,7.12,28.5,204
12/19/2025 13:35,131.18,131.63,130.34,129.81,130.19,130.63,32.52,19.46,1012.41,7.12,29.3,210
12/19/2025 13:50,130.85,130.05,130.85,130.01,130.49,130.45,32.99,18.58,1012.66,7.12,28.3,204
12/19/2025 14:05,131.37,130.8,131.27,129.93,132.07,131.09,32.63,19.42,1012.63,7.13,28.6,204
12/19/2025 14:20,131.4,133.02,131.73,129.95,130.41,131.3,32.75,18.97,1012.82,7.14,28.6,206
12/19/2025 14:35,131.47,130.13,130.58,131.75,133.02,131.39,32.78,19.11,1012.96,7.15,28.5,204
12/19/2025 14:50,131.76,130.49,130.51,130.94,130.49,130.84,33.27,18.37,1013.07,7.16,28.1,206
12/19/2025 15:05,131.75,130.92,130.91,130,130.48,130.81,33.9,18.72,1013,7.17,29.3,210
12/19/2025 15:20,131.4,130.85,130.43,132.57,131.76,131.4,33.53,18.79,1013.49,7.19,28.1,206
12/19/2025 15:35,131.8,132.23,132.6,131.78,130.87,131.86,33.1,19.16,1013.79,7.2,28.8,206
12/19/2025 15:50,131.09,130.72,131.51,130.97,131.06,131.07,33.7,19.18,1014.19,7.22,28.8,210
12/19/2025 16:05,131.25,131.59,131.23,131.61,131.16,131.37,33.33,19.62,1014.46,7.23,28.6,206
12/19/2025 16:21,131.95,131.56,131.56,131.57,131.57,131.64,31.98,21.34,1014.73,7.24,28.4,210
12/19/2025 16:36,130.72,131.15,131.52,131.15,131.16,131.14,28.91,23.72,1015.02,7.25,29,210
12/19/2025 16:51,131.61,131.13,131.15,131.15,131.15,131.24,23.44,28.99,1015.15,7.25,28.9,210
12/19/2025 17:06,131.32,130.79,131.23,131.21,131.23,131.16,19.79,34.47,1015.61,7.24,29.3,212
12/19/2025 17:21,130.97,131.69,130.87,131.25,131.27,131.21,17.94,37.41,1016.05,7.23,29.4,212
12/19/2025 17:36,131.81,131.75,130.92,131.32,131.37,131.43,16.61,40.11,1016.28,7.22,29.1,210
12/19/2025 17:51,131.51,131.42,131.85,131.44,131.44,131.53,15.45,40.66,1016.37,7.21,29.6,216
12/19/2025 18:06,131.3,131.18,131.2,130.73,131.54,131.19,14.21,41.51,1016.44,7.19,29.1,212
12/19/2025 18:21,131.63,131.25,131.25,131.69,131.23,131.41,13.1,44.43,1016.42,7.18,29.4,210
12/19/2025 18:36,131.92,131.92,131.92,131.9,131.92,131.91,12.11,46.68,1016.69,7.16,29.3,212
12/19/2025 18:51,131.73,131.28,132.12,132.11,132.11,131.87,11.27,46.28,1017.22,7.14,30.1,216
12/19/2025 19:06,132.14,132.57,132.59,132.57,132.69,132.51,10.56,46.79,1017.37,7.12,29.7,212
12/19/2025 19:21,132.26,132.67,132.26,132.69,132.81,132.54,9.94,47.45,1017.81,7.1,29.8,210
12/19/2025 19:36,132.45,132.45,132.83,132.45,132.55,132.55,9.46,49.27,1017.94,7.07,29.3,212
12/19/2025 19:51,132.45,132.91,132.9,132.47,133.02,132.75,9.03,50.55,1018.23,7.06,29.1,210
12/19/2025 20:06,132.84,132.84,132.86,132.84,132.52,132.78,8.73,54.22,1018.25,7.04,29.2,210
12/19/2025 20:21,133.03,133.03,133.05,132.6,133.14,132.97,8.46,53.76,1018.48,7.02,28.9,210
12/19/2025 20:36,132.95,132.48,132.88,132.88,133.43,132.92,8.18,57.85,1018.68,7,29.5,206
12/19/2025 20:51,133.5,133.51,133.94,133.62,133.65,133.64,7.91,56.46,1019.09,6.97,30,210
12/19/2025 21:06,133.5,133.5,133.5,133.62,133.26,133.47,7.76,57.56,1019.27,6.94,30.1,210
12/19/2025 21:21,133.51,133.51,133.07,133.62,133.62,133.46,7.54,59.14,1019.42,6.91,29.6,206
12/19/2025 21:36,134.15,133.77,132.88,132.98,133.38,133.43,7.71,62.24,1019.67,6.88,29.8,206
12/19/2025 21:51,133.62,134.04,133.6,133.72,133.7,133.74,7.89,60.43,1019.62,6.84,30.2,206
12/19/2025 22:06,134.1,133.67,133.63,133.8,133.36,133.71,7.51,58.78,1019.9,6.81,30.6,210
12/19/2025 22:21,133.75,134.2,133.74,133.86,133.75,133.86,7.07,61.82,1020.13,6.77,29.7,200
12/19/2025 22:36,133.82,134.25,133.84,133.92,134.28,134.02,6.74,61.4,1020.22,6.72,30.4,204
12/19/2025 22:51,134.25,133.82,133.8,133.92,134.25,134.01,6.5,62.65,1020.32,6.68,29.8,200
12/19/2025 23:06,134.32,134.39,134.32,134.42,134.32,134.35,6.4,63.04,1020.33,6.62,29.4,194
12/19/2025 23:21,134.51,134.51,134.52,134.61,134.52,134.53,6.09,60.95,1020.17,6.56,29.9,196
12/19/2025 23:36,134.99,134.61,134.71,134.71,134.59,134.72,5.65,61.11,1020.1,6.48,29.8,194
12/19/2025 23:52,134.51,134.51,134.49,134.59,134.08,134.44,5.33,63.19,1020.37,6.39,30,190
12/20/2025 0:07,135.07,135.07,135.18,135.09,135.09,135.1,5.06,62.84,1020.69,6.26,29.9,186
12/20/2025 0:22,134.66,134.2,134.2,134.75,134.64,134.49,4.73,63.39,1021.02,6.1,30,184
12/23/2025 9:00,132.14,132.12,132.12,132.16,132.14,132.14,14.37,65.33,1030.05,6.01,52.9,318
12/23/2025 9:15,131.87,131.06,131.49,131.47,130.68,131.31,18.95,53.03,1030.31,6.18,29.1,180
12/23/2025 9:30,129.33,129.35,129.35,129.33,129.28,129.32,19.45,51.01,1030.3,6.26,29.5,186
12/23/2025 9:45,125.93,125.95,125.85,125.97,125.95,125.93,25.39,41.82,1030.24,6.47,29.2,190
12/23/2025 10:00,122.3,122.28,122.28,122.28,122.31,122.29,26.44,38.73,1030.19,6.57,27.4,190
12/23/2025 10:15,119.38,119.36,119.36,119.38,119.36,119.37,27.12,39.05,1030.06,6.65,28.4,190
12/23/2025 10:30,116.02,116.05,116.04,116.14,116.16,116.08,25.97,41.18,1029.92,6.7,28.9,194
12/23/2025 10:45,113.48,113.48,113.36,113.36,113.36,113.41,25.21,43.9,1029.67,6.72,28.5,194
12/23/2025 11:00,110.31,110.21,110.21,110.31,110.22,110.25,29.9,37.24,1029.34,6.79,28.6,194
12/23/2025 11:15,107.17,107.19,107.19,107.1,107.1,107.15,31.67,34.76,1029.16,6.84,28.9,196
12/23/2025 11:30,104.29,104.29,104.39,104.07,104.39,104.29,32.93,33.38,1028.86,6.88,28.6,196
12/23/2025 11:45,101.68,101.67,101.67,101.75,101.75,101.7,34.06,32.31,1028.41,6.91,28.5,196
12/23/2025 12:00,100.07,100.07,100.14,99.83,99.71,99.96,30.86,36.06,1028.05,6.93,28.6,196
12/23/2025 12:15,99.02,99.04,99.11,98.77,98.78,98.95,28.64,40.29,1027.79,6.94,29.2,204
12/23/2025 12:30,99.49,99.5,99.61,99.61,99.59,99.56,27.44,42.56,1027.5,6.95,29,204
12/23/2025 12:45,101.39,101.41,101.51,101.49,101.43,101.45,24.9,48.59,1027.15,6.94,29.3,204
12/23/2025 13:00,104.56,104.48,104.48,104.49,104.44,104.49,24.26,50.88,1026.76,6.94,29.1,204
12/23/2025 13:15,108.82,108.82,108.77,108.7,108.71,108.76,24.57,51.05,1026.45,6.94,29,204
12/23/2025 13:30,113.48,113.41,113.4,113.31,113.31,113.38,25.09,50.3,1026.19,6.94,29.2,204
12/23/2025 13:45,118.8,118.78,118.82,118.71,118.71,118.76,29.79,41.3,1026.03,6.94,28.5,196
12/23/2025 14:00,125.38,125.32,125.2,125.32,125.38,125.32,32.69,35.97,1025.86,6.94,28.3,196
12/23/2025 14:15,130.25,133.65,133.63,129.77,129.71,131.4,34.45,33.5,1025.79,6.94,29,200
12/23/2025 14:30,132.55,132.09,132.54,131.85,131.81,132.17,34.56,33.38,1025.6,6.95,28.1,200
12/23/2025 14:45,132.57,131.75,132.12,131.75,132.19,132.08,34.85,32.93,1025.34,6.97,29,204
12/23/2025 15:00,132.28,132.71,130.99,131.83,131.37,131.84,35.13,31.92,1025.21,6.99,27.8,204
12/23/2025 15:15,130.99,131.28,130.84,132.09,130.82,131.2,35.19,31.67,1025.24,7,28.4,200
12/23/2025 15:30,131.04,131.03,130.92,130.96,130.12,130.81,35.38,31.45,1025.07,7.02,28.7,204
12/23/2025 15:45,131.37,130.89,130.55,130.99,129.72,130.7,35.84,30.76,1024.98,7.04,29,204
12/23/2025 16:00,129.04,129.52,129.05,129.88,129.07,129.31,35.61,31.38,1025.1,7.05,28.4,206
12/23/2025 16:16,129.07,129.07,129.07,129.45,129.52,129.24,34.71,32.28,1024.99,7.06,28.8,204
12/23/2025 16:31,128.3,128.68,128.3,129.11,128.3,128.54,32.39,35.22,1024.86,7.07,28,204
12/23/2025 16:46,129.72,129.28,129.26,129.28,129.26,129.36,28.65,41.28,1024.87,7.07,28.6,200
12/23/2025 17:01,129.5,129.45,128.54,129.43,129.79,129.34,24.96,47.96,1025,7.06,28.1,204
12/23/2025 17:16,130,129.55,129.91,129.91,129.91,129.86,22.84,53.99,1025.02,7.04,29.3,206
12/23/2025 17:31,129.84,131.11,130.31,131.45,130.56,130.66,21.39,56.09,1024.97,7.02,29.1,204
12/23/2025 17:46,129.81,130.27,130.27,130.25,130.27,130.18,20.35,57.27,1025,7,28.8,204
12/23/2025 18:01,130.56,130.55,130.13,130.58,130.56,130.48,19.33,55.84,1024.97,6.98,29.4,206
12/23/2025 18:16,131.68,131.15,131.51,132.42,131.61,131.67,18.18,60.1,1024.79,6.95,29.2,204
12/23/2025 18:31,130.65,131.42,130.96,131.42,130.96,131.08,17.53,62.45,1024.81,6.92,29.1,200
12/23/2025 18:46,131.28,131.71,131.73,131.35,130.12,131.24,17.03,61.42,1024.78,6.9,29.3,204
12/23/2025 19:01,131.16,130.7,131.06,130.63,130.19,130.75,16.82,66.04,1024.93,6.86,29,200
12/23/2025 19:16,131.27,130.72,131.56,131.15,131.52,131.24,16.57,67.04,1024.96,6.83,28.6,200
12/23/2025 19:31,131.3,131.21,131.63,131.63,132.09,131.57,16.49,67.5,1025.08,6.79,28.8,196
12/23/2025 19:46,131.68,131.25,131.21,131.69,131.75,131.52,16.12,66.32,1025.02,6.75,28.4,194
12/23/2025 20:01,129.4,129.86,130.72,129.84,130.31,130.02,16.24,71.34,1024.97,6.71,28.7,194
12/23/2025 20:16,130.55,130.99,129.28,129.19,129.65,129.93,16.4,74.54,1025.03,6.66,28.1,186
12/23/2025 20:31,129.84,129.83,128.97,129.4,129.84,129.58,16.55,75,1024.97,6.6,28.3,186
12/23/2025 20:46,129.76,130.13,130.56,130.13,130.12,130.14,16.26,73.64,1024.93,6.54,28.2,184
12/23/2025 21:01,132.31,131.93,131.47,131.93,131.87,131.9,15.96,72.15,1024.88,6.46,27.9,186
12/23/2025 21:16,132.31,132.31,132.31,131.92,132.31,132.23,15.47,70.9,1024.84,6.38,28.2,180
12/23/2025 21:31,131.73,132.18,132.18,131.71,132.14,131.99,14.84,71.8,1024.79,6.25,28.5,176
12/23/2025 21:46,132.09,131.63,132.52,132.96,132.07,132.25,14.59,73.17,1024.85,6.09,28.4,174
12/24/2025 14:35,129.76,129.76,129.86,129.95,130.22,129.91,41.28,23.01,1022.75,6.89,53.1,368
12/24/2025 14:50,129.05,129.05,128.97,128.97,129.41,129.09,40.84,23.51,1022.68,6.92,28.8,200
12/24/2025 15:05,129.67,129.23,129.67,129.23,129.23,129.4,41.06,23.1,1022.59,6.94,28,196
12/24/2025 15:20,132.43,130.6,130.7,130.32,130.68,130.95,41.35,23.42,1022.71,6.96,28.2,196
12/24/2025 15:35,129.23,129.65,129.69,129.29,129.21,129.41,41.2,23.71,1022.77,6.98,28.5,200
12/24/2025 15:50,130.72,130.36,129.98,129.65,130.55,130.25,40.36,23.68,1022.9,7,28.5,200
12/24/2025 16:05,129.81,129.89,129.91,129.55,129.93,129.82,39.7,24.13,1022.97,7.02,27.7,204
12/24/2025 16:20,130.48,130.56,130.56,130.58,131.03,130.64,38.55,25.74,1023.06,7.03,28.2,204
12/24/2025 16:35,130.67,130.65,130.65,130.68,130.56,130.64,35.33,28.49,1023.18,7.04,28.6,200
12/24/2025 16:50,131.35,131.25,130.82,130.8,131.25,131.09,30.31,31.7,1023.46,7.03,28.6,204
12/24/2025 17:05,132.07,131.63,131.61,132.04,131.61,131.79,26.52,33.82,1023.55,7.02,29,204
12/24/2025 17:20,132.24,132.26,131.87,132.26,131.85,132.1,23.51,36.64,1023.53,7,28.6,200
12/24/2025 17:35,132.04,132.02,132.42,132.42,132.43,132.26,21.27,38.33,1023.88,6.98,28.6,200
12/24/2025 17:50,132.64,132.64,132.64,132.18,132.19,132.46,19.24,41.55,1023.99,6.96,28.8,204
12/24/2025 18:05,132.69,132.67,132.67,132.67,132.76,132.69,17.91,42.23,1023.91,6.94,29.1,204
12/24/2025 18:20,132.79,132.81,133.22,132.81,132.9,132.91,16.92,44.14,1024.22,6.91,29.2,204
12/24/2025 18:35,132.91,132.91,132.9,132.91,132.57,132.84,16.16,45.2,1024.38,6.88,29.3,204
12/24/2025 18:50,133.38,133.38,133.38,133.48,133.05,133.33,15.57,46.7,1024.4,6.85,29.2,200
12/24/2025 19:05,133.05,133.05,133.03,133.44,133.17,133.15,15.08,48.3,1024.42,6.81,29.6,200
12/24/2025 19:20,132.67,132.69,132.69,132.67,133.2,132.79,14.77,63.64,1024.7,6.77,28.8,200
12/24/2025 19:35,133,132.98,132.96,133.41,133.48,133.17,14.45,53.82,1024.67,6.73,29,200
12/24/2025 19:50,133.44,133.08,133.08,133.08,133.55,133.25,14.13,53.08,1024.81,6.68,29.7,196
12/24/2025 20:05,133.99,133.99,133.98,134.08,133.56,133.92,13.81,53.94,1024.79,6.63,29.7,196
12/24/2025 20:20,134.11,134.08,134.08,134.18,133.65,134.02,13.47,54.31,1024.74,6.57,29.5,194
12/24/2025 20:35,133.58,133.56,133.6,133.68,133.68,133.62,13.24,55.88,1024.76,6.5,30.1,196
12/24/2025 20:50,133.56,133.58,133.56,133.67,134.11,133.7,13.09,56,1024.87,6.42,29.5,190
12/24/2025 21:05,133.63,133.63,133.63,133.72,133.74,133.67,13.12,58.05,1024.81,6.32,29.6,186
12/24/2025 21:20,133.65,133.65,134.1,134.13,134.13,133.93,13,58.26,1024.89,6.17,29.5,184
12/24/2025 21:35,133.67,133.72,134.1,134.2,133.77,133.89,12.92,60.91,1024.93,5.96,29.2,174
12/25/2025 14:20,101.46,101.46,101.12,101.37,101.39,101.36,38.69,26.92,1018.16,5.89,52.6,312
12/25/2025 14:35,105.34,105.35,105.32,105.35,105.37,105.35,37.83,28.26,1017.95,6.03,28.3,170
12/25/2025 14:50,109.88,109.9,109.88,109.86,109.98,109.9,38.92,27.17,1017.78,6.17,28.4,174
12/25/2025 15:05,115.44,115.87,115.42,115.42,115.63,115.55,34.86,30.79,1017.69,6.2,28.6,176
12/25/2025 15:20,121.52,121.52,121.51,121.51,121.49,121.51,37.71,28.11,1017.84,6.3,28.1,176
12/25/2025 15:35,128.71,128.71,128.26,128.73,128.68,128.62,36.41,28.4,1017.82,6.36,28.1,180
12/25/2025 15:50,128.8,128.8,127.48,130.87,131.33,129.46,36.45,28.37,1017.61,6.4,27.8,184
12/25/2025 16:05,129.67,128.78,128.8,127.97,128.88,128.82,37.23,29.46,1017.67,6.45,27.9,184
12/25/2025 16:20,129.33,129.43,129.35,129.41,130.25,129.55,36.35,30.48,1017.7,6.49,28,186
12/25/2025 16:35,128.14,130.72,131.63,129.48,129.07,129.81,33.4,34.2,1017.54,6.5,29.1,190
12/25/2025 16:50,137.59,133.14,132.43,132.42,132.42,133.6,30.14,37.55,1017.54,6.48,29.2,190
12/25/2025 17:05,131.88,132.79,132.42,132.43,132,132.31,26.68,42.54,1017.54,6.42,29,186
12/25/2025 17:20,134.03,133.65,132.4,132.84,132.93,133.17,24.27,46.95,1017.68,6.32,29.3,186
12/25/2025 17:35,129.11,129.93,130.37,130.73,129.91,130.01,22.66,55.65,1017.71,6.19,28.1,180
12/25/2025 17:50,131.57,129.79,129.79,129.31,128.81,129.86,21.39,54.76,1017.73,6,28.9,176
12/26/2025 12:30,120.02,120.02,120,120.02,120.19,120.05,35.16,33.31,1017.53,6.89,52.6,364
12/26/2025 12:45,116.93,116.93,116.57,117.12,116.57,116.82,34.12,34.91,1017.32,6.92,28.7,196
12/26/2025 13:00,113.82,113.81,113.74,113.64,113.64,113.73,33.49,34.9,1017.07,6.92,28.2,196
12/26/2025 13:15,111.01,111.01,110.93,110.93,110.91,110.96,34.8,34.1,1016.8,6.94,28,200
12/26/2025 13:30,107.92,107.91,107.74,107.72,107.82,107.82,36.53,32,1016.6,6.94,28.6,200
12/26/2025 13:45,105.47,105.4,105.3,105.13,105.3,105.32,36.9,31.21,1016.36,6.95,28.8,200
12/26/2025 14:00,103.48,103.4,103.4,103.4,103.4,103.41,37.82,30.07,1015.98,6.96,28.6,200
12/26/2025 14:15,102.15,102.09,102.01,102.09,102.09,102.09,35,32.71,1015.79,6.96,28.7,200
12/26/2025 14:30,101.27,101.27,101.39,101.25,101.25,101.29,35.52,32.87,1015.64,6.98,28.5,204
12/26/2025 14:45,101.58,101.58,101.67,101.58,101.56,101.59,32.58,35.18,1015.61,6.99,27.9,200
12/26/2025 15:00,103.19,103.21,103.19,103.11,103.12,103.16,28.45,41.93,1015.66,6.98,29,204
12/26/2025 15:15,106.16,106.06,106.07,106.06,106.06,106.08,29.93,40.35,1015.71,7,28.4,204
12/26/2025 15:30,110.15,110.19,110.17,110.15,110.17,110.17,30.07,40.63,1015.82,7.01,28.6,200
12/26/2025 15:45,115.27,115.18,115.16,115.18,115.28,115.21,32.46,37.12,1015.65,7.02,28.5,200
12/26/2025 16:00,121.51,120.99,120.6,121.08,120.62,120.96,32.35,37.04,1015.73,7.03,28.6,200
12/26/2025 16:15,127.46,127.8,127.39,127.72,127.8,127.63,32.59,36.44,1015.62,7.04,28.5,200
12/26/2025 16:30,129.91,130.34,129.45,129.88,129.91,129.9,31,38.43,1015.56,7.05,29,204
12/26/2025 16:45,130.12,130.13,130.49,130.53,130.49,130.35,27.95,42.33,1015.51,7.05,29.1,206
12/26/2025 17:00,130.7,130.68,130.67,130.15,130.17,130.47,23.67,48.85,1015.61,7.03,29.2,206
12/26/2025 17:15,130.89,131.25,132.54,133.87,133.87,132.48,21.12,55.01,1015.93,7.01,29.2,206
12/26/2025 17:30,131.03,131.32,130.94,133.55,132.69,131.9,19.24,60.98,1015.83,6.99,29.2,206
12/26/2025 17:45,131.56,131.44,130.61,130.61,131.06,131.06,17.99,61.69,1015.84,6.97,28.5,206
12/26/2025 18:00,127.78,130.87,131.3,131.75,131.63,130.67,16.99,58.73,1015.82,6.95,29.6,206
12/26/2025 18:15,124.53,125.44,126.6,124.56,124.54,125.13,16.24,58.8,1015.95,6.92,29.5,204
12/26/2025 18:30,131.57,134.11,134.58,135.11,135,134.08,15.58,60.31,1015.9,6.89,29.2,200
12/26/2025 18:45,131.68,131.27,130.85,129.96,131.68,131.09,15.17,62.81,1016.19,6.86,29.1,200
12/26/2025 19:00,132.88,127.73,127.29,132.09,132.07,130.41,14.86,63.05,1016.23,6.82,28.7,196
12/26/2025 19:15,131.8,131.35,130.91,130.92,131.35,131.27,14.56,64.9,1016.32,6.79,29.3,200
12/26/2025 19:30,126.41,126.41,125.57,125.59,131.99,127.19,14.29,65.82,1016.36,6.74,28.4,190
12/26/2025 19:46,126.52,130.82,124.77,124.66,130.73,127.5,14.13,71.23,1016.18,6.7,29.1,196
12/26/2025 20:01,124.46,124.92,124.89,124.9,126.62,125.16,13.9,68.39,1016.13,6.65,28,194
12/26/2025 20:16,133.94,134.83,135.28,135,124.9,132.79,13.58,67.69,1016.11,6.59,29.4,190
12/26/2025 20:31,126.74,126.31,131.95,125.47,126.64,127.42,13.18,67.56,1015.94,6.53,29.3,190
12/26/2025 20:46,131.44,125.37,131.88,131.87,131.45,130.4,12.85,68.4,1015.93,6.45,28.3,184
12/26/2025 21:01,130.96,131.25,128.38,131.01,125.85,129.49,12.77,72.36,1015.73,6.36,27.7,184
12/26/2025 21:16,131.97,134.58,131.99,125.38,132.35,131.25,12.8,72.74,1015.61,6.22,28,176
12/26/2025 21:31,131.42,131.33,131.75,131.32,130.51,131.27,12.73,76.98,1015.77,6.04,28.5,174
12/27/2025 16:35,124.54,124.53,124.17,124.17,124.23,124.33,37.36,27.87,1015.41,6.88,53.2,368
12/27/2025 16:50,129,130.25,130.7,130.25,130.24,130.09,33.21,30.82,1015.58,6.9,28.8,200
12/27/2025 17:05,130.07,130.05,129.64,130.07,130.49,130.06,28.38,33.44,1015.78,6.88,28.9,200
12/27/2025 17:20,129.96,129.52,129.89,129.91,129.96,129.85,24.69,36.36,1015.93,6.86,27.8,200
12/27/2025 17:35,130.03,130.05,127.89,130.49,129.62,129.62,22.23,38.4,1016.12,6.83,29.3,200
12/27/2025 17:50,130.75,129.48,130.31,129.89,129.48,129.98,20.21,41.71,1016.36,6.8,29.5,200
12/27/2025 18:05,131.13,126.82,126.81,130.68,130.7,129.23,18.79,42.58,1016.51,6.77,29.1,196
12/27/2025 18:20,130.7,130.34,130.72,130.61,130.63,130.6,17.78,44.93,1016.81,6.73,29.7,200
12/27/2025 18:35,130.46,130.46,130.48,130.48,130.46,130.47,17,46.71,1016.93,6.68,29.3,194
12/27/2025 18:50,130.03,130.48,130.85,130.48,130.48,130.46,16.37,47.67,1017.14,6.63,29.1,196
12/27/2025 19:05,131.47,130.97,131.39,131.37,131.39,131.32,15.85,48.88,1017.22,6.57,29.5,194
12/27/2025 19:20,129.72,129.77,130.17,130.17,130.17,130,15.48,51.91,1017.58,6.51,29.4,190
12/27/2025 19:35,131.08,127.65,130.68,131.08,130.27,130.15,15.16,52.95,1017.69,6.43,29.2,186
12/27/2025 19:50,130.34,128.64,128.16,128.18,128.16,128.7,14.87,54.07,1017.87,6.32,29.4,186
12/27/2025 20:05,130.29,131.11,131.01,130.6,130.63,130.73,14.6,54.88,1018.15,6.18,29.3,180
12/27/2025 20:20,131.04,130.24,130.22,129.77,130.61,130.38,14.94,56.28,1018.3,5.97,29.5,176
12/30/2025 9:00,135.06,140.24,135.85,134.61,135.43,136.24,5.06,52.31,1020.37,6.06,53.6,324
12/30/2025 9:15,141.47,141.92,137.2,136.84,134.75,138.43,10,41.12,1020.65,6.24,30.1,186
12/30/2025 9:30,136.81,136.81,136.79,136.79,136.5,136.74,14.73,36.98,1020.76,6.44,29.3,194
12/30/2025 9:45,138.98,135.76,137.66,133.05,132.9,135.67,18.45,30.18,1020.73,6.62,28.6,194
12/30/2025 10:00,132.66,136.07,132.23,132.36,140.32,134.73,20.37,28.16,1020.93,6.74,29.2,200
12/30/2025 10:15,137.44,135.67,138.35,137.44,134.2,136.62,21.71,25.7,1020.84,6.84,29.2,200
12/30/2025 10:30,137.29,141.16,137.27,139.28,140.65,139.13,22.22,23.67,1020.68,6.91,28.3,204
12/30/2025 10:45,139.34,137.06,137.97,133.19,137.71,137.06,22.64,23.17,1020.51,6.97,29,200
12/30/2025 11:00,136.72,139.74,135.38,131.51,132,135.07,22.61,23.34,1020.55,7.02,29,204
12/30/2025 11:15,139.4,140.12,140.24,140.22,135.64,139.12,23.42,23.88,1020.44,7.06,29.5,210
12/30/2025 11:30,137.58,137.29,140.99,136.65,133.5,137.2,24.23,22.11,1020.09,7.09,28.7,204
12/30/2025 11:45,140.72,139.86,139.72,135.14,136.41,138.37,24.15,20.93,1019.57,7.11,28.6,204
12/30/2025 12:00,141.08,138.74,134.4,135.57,135.02,136.96,24.21,20.29,1019.2,7.13,28.8,210
12/30/2025 12:15,138.9,138.86,138.47,136.27,134.4,137.38,24.2,21.16,1019.07,7.15,28.9,206
12/30/2025 12:30,136.38,135.47,140.08,136.29,140.46,137.74,24.86,20.2,1018.96,7.16,28.6,206
12/30/2025 12:45,143.15,134.8,139,136.5,137.3,138.15,25.85,20.53,1018.73,7.16,29.1,210
12/30/2025 13:00,140.63,138.49,139.74,135.9,140.12,138.97,25.51,19.79,1018.38,7.18,29,206
12/30/2025 13:15,136.62,138.85,135.35,134.44,135.71,136.19,26.54,19.83,1018.14,7.18,28.8,210
12/30/2025 13:30,138.88,139.98,135.62,136.09,134.46,137,26.34,18.79,1018.03,7.19,28.9,206
12/30/2025 13:45,136.93,137.42,137.01,137.8,139.89,137.81,22.54,21.14,1018.04,7.19,28.8,206
12/30/2025 14:00,136.31,134.7,133.8,134.52,140.73,136.01,25.17,19.96,1017.94,7.19,28.9,206
12/30/2025 14:15,136.19,137.56,138.79,139.52,136.19,137.65,25.75,17.79,1018.01,7.2,28.3,210
12/30/2025 14:30,131.33,130.79,136.82,137.7,139.98,135.32,25.77,18.11,1017.88,7.21,28.9,210
12/30/2025 14:45,136.67,136.6,134.99,135.67,137.77,136.34,25.96,18.49,1017.73,7.21,28.3,212
12/30/2025 15:00,133.55,139.41,122.47,137.25,139.48,134.43,27.02,17.5,1017.92,7.22,28.1,212
12/30/2025 15:15,139.93,138.31,137.77,133.26,138.19,137.49,26.76,19.15,1017.85,7.24,29.4,212
12/30/2025 15:30,134.99,133.6,135.5,136.74,135.93,135.35,27.09,17.87,1018.07,7.25,29.3,212
12/30/2025 15:45,133.75,137.1,137.56,136.17,123.48,133.61,27.46,17.47,1017.91,7.26,29.3,212
12/30/2025 16:00,133.96,134.42,134.4,134.88,134.8,134.49,27.66,17.04,1017.97,7.27,28.3,210
12/30/2025 16:16,131.71,131.27,131.71,131.73,131.71,131.63,26.61,17.68,1018.01,7.28,28.5,206
12/30/2025 16:31,128.87,129.33,128.88,129.33,129.33,129.15,25.05,18.45,1017.75,7.3,29,212
12/30/2025 16:46,127.24,127.22,127.24,127.12,127.49,127.26,21.98,20.43,1017.95,7.3,29,212
12/30/2025 17:01,126.34,126.34,126.36,126.26,126.38,126.34,15.14,26.42,1018.06,7.3,28.8,216
12/30/2025 17:16,125.33,124.95,124.85,125.33,124.89,125.07,11.66,29.64,1018.17,7.3,29.9,220
12/30/2025 17:31,123.96,123.99,123.98,123.99,123.99,123.98,9.62,31.6,1018.32,7.28,30.2,220
12/30/2025 17:46,123.21,123.19,123.22,123.21,123.21,123.21,8.15,36.29,1018.48,7.28,30.3,220
12/30/2025 18:01,122.79,122.73,122.78,122.73,122.35,122.67,6.99,35.81,1018.5,7.27,29.4,220
12/30/2025 18:16,123.55,123.93,123.91,123.99,123.57,123.79,5.98,36.23,1018.79,7.25,30.1,220
12/30/2025 18:31,125.9,125.92,125.86,125.92,125.92,125.9,5.13,38.27,1018.87,7.24,30,216
12/30/2025 18:46,129.12,128.76,129.12,129.11,129.12,129.05,4.62,47.6,1018.9,7.22,29.5,220
12/30/2025 19:01,134.52,134.54,134.54,134.64,134.54,134.56,4.29,44.31,1019.12,7.21,30.1,216
12/30/2025 19:16,137.8,140.63,140.27,139.89,137.8,139.28,3.92,45.23,1019.17,7.19,30,220
12/30/2025 19:31,140.42,139.16,139.16,138.73,138.28,139.15,3.7,45.6,1019.17,7.18,30.3,216
12/30/2025 19:46,133.75,137.94,137.99,138.02,134.73,136.49,3.49,44.64,1019.21,7.16,29.9,212
12/30/2025 20:01,139.7,138.98,139.33,139.77,139.33,139.42,3.21,46.99,1019.38,7.14,29.9,212
12/30/2025 20:16,138.57,140.56,138.52,138.23,138.93,138.96,2.97,47.29,1019.6,7.12,30.4,220
12/30/2025 20:31,138.98,138.5,137.23,139.79,139.41,138.78,2.67,46.9,1019.68,7.1,30.6,216
12/30/2025 20:46,138.52,138.14,138.95,138.16,139.02,138.56,2.41,52.97,1019.79,7.08,30.1,212
12/30/2025 21:01,138.54,138.55,139.43,138.57,139.04,138.83,2.19,51.44,1019.9,7.05,30.2,212
12/30/2025 21:16,138.52,138.97,138.54,138.52,138.14,138.54,2.07,50.51,1020.05,7.03,30.9,216
12/30/2025 21:31,138.62,138.23,138.61,138.25,138.18,138.38,1.97,50.73,1020.12,7,30.1,216
12/30/2025 21:46,137.82,137.8,137.82,137.73,137.27,137.69,1.74,50.55,1020.12,6.98,30.5,216
12/30/2025 22:01,138.35,138.37,138.35,138.35,138.38,138.36,1.52,49.06,1019.99,6.95,30.8,212
12/30/2025 22:16,137.92,137.95,139.19,139.21,138.38,138.53,1.32,51.49,1019.98,6.92,29.9,206
12/30/2025 22:31,137.92,137.92,138.3,138.3,137.85,138.06,1.3,53.69,1019.93,6.88,30.3,210
12/30/2025 22:46,138.4,138.83,138.38,138.02,138.83,138.49,1.11,53.64,1019.66,6.85,29.6,210
12/30/2025 23:01,138.11,138.13,138.93,139.4,139.38,138.79,0.92,52.63,1019.74,6.81,30.7,210
12/30/2025 23:16,138.06,137.59,138.04,138.04,138.49,138.04,0.65,56.53,1019.59,6.77,30.5,206
12/30/2025 23:31,137.29,137.3,139.02,138.3,138.14,138.01,0.66,60.35,1019.37,6.73,29.4,204
12/30/2025 23:47,138.07,138.06,138.07,138.5,138.07,138.16,0.63,58.68,1019.48,6.68,30.6,204
12/31/2025 0:02,138.61,138.61,138.19,138.62,138.23,138.45,0.42,56.36,1019.41,6.62,31,206
12/31/2025 0:17,137.8,137.82,138.25,138.26,138.26,138.08,0.17,55.15,1019.26,6.56,30.3,200
12/31/2025 0:32,138.74,139.53,138.66,138.4,138.3,138.73,-0.02,58.59,1019.16,6.48,30.4,196
12/31/2025 0:47,138.66,138.25,138.66,138.21,138.64,138.48,-0.12,57.73,1018.94,6.38,31,196
12/31/2025 1:02,137.92,137.53,137.94,137.9,137.9,137.84,-0.19,56.85,1018.97,6.25,30.4,190
12/31/2025 1:17,138.37,137.53,137.92,137.99,138.81,138.12,-0.38,56.82,1019.09,6.07,30.5,186
12/31/2025 9:00,112.74,112.32,112.74,112.74,112.74,112.66,3.81,58.67,1021.89,5.9,53.1,314
12/31/2025 9:15,118.32,117.97,118.06,118.34,117.97,118.13,9.21,45.48,1021.9,6.14,29.5,184
12/31/2025 9:30,126.09,126.1,126.09,126.02,126.07,126.07,14.32,41.02,1021.97,6.36,29.1,186
12/31/2025 9:45,135.14,135.57,136.05,136.43,135.59,135.76,18.55,30.39,1022.01,6.56,28.6,190
12/31/2025 10:00,137.2,136.77,135.93,125.74,135.74,134.28,20.83,29.99,1022,6.7,29.1,196
12/31/2025 10:15,131.47,129.76,128.04,128.47,129.77,129.5,22.42,27.38,1021.9,6.8,29.1,196
12/31/2025 10:30,140.01,135.43,140.37,130.72,137.11,136.73,23.79,25.6,1021.82,6.88,28.8,196
12/31/2025 10:45,130.65,130.67,127.68,130.2,130.65,129.97,23.77,20.84,1021.69,6.94,28.4,196
12/31/2025 11:00,127.32,129.86,135.06,134.99,129.65,131.38,24.29,21.66,1021.46,6.98,28.8,204
12/31/2025 11:15,135.85,132.48,131.68,131.33,135.04,133.28,24.06,19.32,1021.24,7.02,28.4,204
12/31/2025 11:30,134.22,135.5,134.78,136.6,136.12,135.44,25.43,19.87,1021.03,7.06,28.9,206
12/31/2025 11:45,132.95,132.07,132.79,133.96,130.67,132.49,25.37,18.01,1020.57,7.08,28.4,204
12/31/2025 12:00,135.49,134.58,134.22,133.31,133.22,134.16,25.61,18.98,1020.28,7.11,28.5,210
12/31/2025 12:15,135.79,135.23,134.9,134.25,133.36,134.71,26.03,17.46,1020.01,7.12,29,210
12/31/2025 12:30,135.07,129.09,129.93,133.98,133.27,132.27,26.53,15.98,1019.71,7.13,29.1,206
12/31/2025 12:45,134.32,133.55,125.49,133.89,134.82,132.41,26.32,16.93,1019.45,7.13,28.4,206
12/31/2025 13:00,132.91,136.07,132.71,133.7,131.92,133.46,26.57,16.24,1019.24,7.13,28.5,206
12/31/2025 13:15,133.39,132.57,138.52,133.43,123.69,132.32,26.72,18.93,1018.91,7.14,29,206
12/31/2025 13:30,133.43,132.98,133.44,133.36,133.02,133.25,26.91,15.42,1018.77,7.14,28.6,204
12/31/2025 13:45,138.54,132.42,132.86,133.62,135.57,134.6,27.13,16.47,1018.55,7.14,28.8,210
12/31/2025 14:00,132.23,132.76,133.2,132.84,138.25,133.86,28.08,15.56,1018.28,7.14,28.8,206
12/31/2025 14:15,132.83,132.84,132.9,139.21,138.85,135.32,28.65,15.79,1018.02,7.15,28.8,206
12/31/2025 14:30,135.98,138.07,137.27,133.31,132.91,135.51,28.7,15.25,1017.71,7.15,27.8,206
12/31/2025 14:45,134.25,133.63,131.93,132.31,126.82,131.79,28.8,15.88,1017.55,7.16,28.9,206
12/31/2025 15:00,135.19,133.46,133.87,136.62,132.9,134.41,28.85,16.33,1017.51,7.18,28.8,206
12/31/2025 15:15,133.02,133.08,133.91,134.83,134.47,133.86,28.88,15.46,1017.52,7.19,29.4,210
12/31/2025 15:30,135.21,136.98,136.1,132.48,132.59,134.67,28.97,15.98,1017.43,7.21,29.2,210
12/31/2025 15:45,136.45,136,133.94,134.37,134.82,135.11,29.49,16.18,1017.23,7.22,28.9,210
12/31/2025 16:00,135.93,135.02,135.93,135.45,134.13,135.29,29.57,15.53,1017.25,7.23,28.8,210
12/31/2025 16:16,134.61,135.04,133.68,135.61,135.49,134.88,29.31,16.25,1017.28,7.24,28,210
12/31/2025 16:31,135.16,135.64,135.28,134.27,135.07,135.08,27.75,17.04,1017.18,7.26,28.8,210
12/31/2025 16:46,135.64,132.95,133.39,133.05,134.75,133.96,25.08,18.65,1017.09,7.26,29.5,212
12/31/2025 17:01,133.08,133.08,133.55,133.48,133.56,133.35,17.69,24.6,1017.07,7.26,29.2,212
12/31/2025 17:16,132.59,132.59,132.98,132.6,132.42,132.63,14.19,27.65,1017.21,7.26,29.6,216
12/31/2025 17:31,130.65,130.67,130.55,130.55,130.55,130.59,12,31.44,1017.37,7.24,29.9,216
12/31/2025 17:46,129.72,129.64,129.71,129.71,129.72,129.7,10.22,30.19,1017.31,7.24,29.8,216
12/31/2025 18:01,128.16,128.14,128.14,128.23,128.21,128.18,8.6,32.74,1017.53,7.23,29.3,216
12/31/2025 18:16,126.31,126.29,126.31,126.26,126.29,126.29,7.39,35.09,1017.65,7.21,30.3,216
12/31/2025 18:31,125.16,125.16,125.06,125.18,125.09,125.13,6.46,35.48,1017.68,7.2,30.2,216
12/31/2025 18:46,124.23,124.17,123.79,123.81,124.18,124.04,5.75,44.17,1017.93,7.18,29.9,220
12/31/2025 19:01,123.89,123.89,123.91,123.91,123.96,123.91,5.25,37.28,1018.13,7.16,30.2,216
12/31/2025 19:16,124.18,124.18,124.27,124.29,124.32,124.25,4.89,39.05,1018.08,7.15,29.7,212
12/31/2025 19:31,126.26,126.29,126.28,126.19,126.28,126.26,4.54,38.06,1018.06,7.12,29.9,212
12/31/2025 19:46,129.59,129.14,129.57,129.57,129.19,129.41,4.15,38.46,1018.16,7.11,30.3,216
12/31/2025 20:01,134.63,134.18,134.18,135.12,135,134.62,3.82,40.77,1018.16,7.08,30.3,216
12/31/2025 20:16,135.18,135.16,135.73,136,135.19,135.45,3.54,41.85,1018.25,7.06,30.7,216
12/31/2025 20:31,134.73,134.75,135.69,135.18,134.76,135.02,3.4,43.56,1018.25,7.04,29.5,212
12/31/2025 20:46,141.54,135.61,135.47,135.45,135.21,136.65,3.35,47.03,1018.23,7.02,30.2,212
12/31/2025 21:01,134.88,134.9,135,134.9,134.9,134.92,3.46,53.75,1018.29,6.99,30.3,212
12/31/2025 21:16,134.97,134.54,134.64,134.64,134.99,134.76,3.72,50.54,1018.24,6.96,30.3,216
12/31/2025 21:31,135.23,135.19,134.88,134.82,134.32,134.89,3.98,50.81,1018.33,6.93,29.8,210
12/31/2025 21:46,134.54,135.81,135.45,140.7,139.09,137.12,4.06,49.22,1018.26,6.9,30.6,210
12/31/2025 22:01,134.82,134.83,135.4,135.67,135.21,135.19,3.71,48.24,1018.19,6.87,29.4,206
12/31/2025 22:16,135.76,134.87,134.97,135.33,135.74,135.33,3.31,52.5,1018.26,6.83,30.8,210
12/31/2025 22:31,135.67,135.66,135.4,135.73,135.74,135.64,2.95,50.08,1018.08,6.79,30.6,206
12/31/2025 22:46,135.61,136.48,136.14,135.59,135.61,135.88,3.03,51.74,1017.96,6.75,29.6,206
12/31/2025 23:01,140.36,137.47,137.39,136.51,135.67,137.48,2.9,53.71,1017.82,6.7,29.6,204
12/31/2025 23:16,134.9,134.47,134.58,134.58,134.44,134.59,3.39,53.73,1017.75,6.65,30,204
12/31/2025 23:31,135.9,135.9,135.11,134.61,135,135.3,3.82,53.07,1017.65,6.59,30.9,204
12/31/2025 23:47,135.36,136.22,134.95,134.4,133.98,134.98,3.84,52.63,1017.46,6.52,30.1,196
1/1/2026 0:02,133.44,133.89,134.34,133.99,134.32,134,4.18,52.07,1017.27,6.43,29.9,194
1/1/2026 0:17,136.41,135.04,134.3,134.25,133.82,134.76,4.44,50.11,1016.98,6.32,30.8,194
1/1/2026 0:32,134.8,135.24,135.35,136.05,135.61,135.41,4.6,49.36,1016.86,6.17,29.8,184
1/1/2026 0:47,133.98,134.42,134.87,134.9,134.87,134.61,4.63,51.22,1016.77,5.96,30.1,180
1/1/2026 9:00,109.9,109.55,109.54,109.42,109.5,109.58,9.09,43.79,1016.86,5.89,53.6,314
1/1/2026 9:15,114.51,114.89,114.53,114.53,114.97,114.69,14.23,33.91,1017.11,6.13,29.7,184
1/1/2026 9:30,120.92,120.94,120.56,120.56,120.92,120.78,18.09,30.41,1017.38,6.34,28.8,186
1/1/2026 9:45,128.33,128.26,128.26,128.26,128.35,128.3,21.89,25.79,1017.5,6.55,29.2,194
1/1/2026 10:00,133.12,134.01,133.58,137.46,137.37,135.11,22.64,23.42,1017.44,6.69,29.1,194
1/1/2026 10:15,133.98,134.34,134.85,134.08,134.87,134.42,22.86,22.98,1017.11,6.79,27.9,196
1/1/2026 10:30,129.95,135.26,135.71,129.93,134.85,133.14,25.07,22.03,1017.01,6.87,29,200
1/1/2026 10:45,136.36,136.36,136.1,130.24,136.86,135.18,25.77,21.25,1016.94,6.93,28.7,200
1/1/2026 11:00,136.62,138.69,137.87,137.39,130.73,136.26,25.81,21.62,1016.8,6.98,28.4,204
1/1/2026 11:15,136.84,133.51,131.81,132.55,132.48,133.44,26.43,20.81,1016.56,7.02,29,204
1/1/2026 11:30,129.91,131.18,129.83,129.29,130.92,130.23,26.98,20.91,1016.28,7.05,29.4,206
1/1/2026 11:45,130.77,129.43,131.93,130.94,130.49,130.71,27.6,20.5,1015.97,7.08,29.4,206
1/1/2026 12:00,135.49,137.29,135.24,135.66,134.85,135.7,29.08,20.91,1015.68,7.1,28.2,206
1/1/2026 12:15,131.87,138.11,137.41,138.18,135.3,136.17,29.1,19.9,1015.33,7.11,28.3,200
1/1/2026 12:30,136.12,135.19,132.62,137.71,136,135.53,28.92,20.18,1015.08,7.12,28.5,204
1/1/2026 12:45,131.52,135.02,138.37,130.55,136.21,134.33,28.94,19.9,1014.96,7.12,28.5,206
1/1/2026 13:00,134.28,135.14,131.03,129.43,129.76,131.93,29.95,19.48,1014.66,7.12,29.1,206
1/1/2026 13:15,137.11,130.99,134.13,133.79,132.18,133.64,31.06,18.91,1014.47,7.12,28.3,206
1/1/2026 13:30,135.21,131.25,131.71,130.79,133.86,132.56,31,18.83,1014.21,7.12,28.9,206
1/1/2026 13:45,133.15,135.3,134.87,130.89,137.01,134.24,31.44,18.41,1013.95,7.13,28.9,206
1/1/2026 14:00,132.14,133.86,133.92,132.19,131.9,132.8,31.61,18.08,1013.81,7.12,28.4,204
1/1/2026 14:15,133.02,135.88,134.18,135.45,130.15,133.74,31.99,18.21,1013.65,7.13,28.8,206
1/1/2026 14:30,131.35,133.94,132.14,133.46,134.51,133.08,32.13,17.84,1013.71,7.14,28.8,206
1/1/2026 14:45,133.58,135.55,138.69,132.04,135.66,135.1,32.19,18.48,1013.57,7.15,29.1,210
1/1/2026 15:00,135.06,133.74,127.89,134.64,135.62,133.39,32.71,18.47,1013.54,7.16,28.9,206
1/1/2026 15:15,131.63,133.41,134.23,131.06,133.92,132.85,33.06,17.45,1013.58,7.18,28.9,210
1/1/2026 15:30,137.71,132.96,130.85,134.2,135.73,134.29,33.13,17.6,1013.63,7.19,28.2,210
1/1/2026 15:45,132.48,134.73,134.3,134.39,134.03,133.99,33.52,17.65,1013.84,7.2,28.6,206
1/1/2026 16:00,133.46,132.6,133.48,133.94,133.2,133.34,33.86,17.07,1013.68,7.22,28.4,206
1/1/2026 16:16,134.85,134.4,133.96,134.94,134.4,134.51,33.35,17.59,1013.81,7.23,28.9,210
1/1/2026 16:31,134.15,135.06,135.06,134.75,134.59,134.72,32,18.7,1013.9,7.24,27.7,210
1/1/2026 16:46,132.78,133.22,133.7,133.22,133.77,133.34,29.35,20.55,1014.05,7.25,28.4,210
1/1/2026 17:01,134.13,133.27,135.9,135.59,135.49,134.87,22.79,24.61,1014.08,7.25,29.1,210
1/1/2026 17:16,134.04,133.14,133.14,134.16,134.58,133.81,19.1,27.94,1014.18,7.24,29.3,212
1/1/2026 17:31,136.48,136.1,136.22,136.09,136.1,136.2,16.12,29.27,1014.35,7.23,29.4,212
1/1/2026 17:46,137.3,137.3,137.29,137.73,137.71,137.47,13.69,30.87,1014.44,7.22,29.4,212
1/1/2026 18:01,137.06,137.06,136.63,137.1,137.2,137.01,11.89,32.11,1014.7,7.21,29.9,216
1/1/2026 18:16,137.68,137.2,138.09,138.09,137.66,137.75,10.52,32.87,1014.86,7.19,29.7,212
1/1/2026 18:31,135.14,135.55,135.64,135.5,135.57,135.48,9.52,37.98,1014.99,7.17,30.6,220
1/1/2026 18:46,132.47,132.45,132.43,132.43,132.48,132.45,8.77,35.95,1015,7.18,29.7,212
1/1/2026 19:01,130.94,130.49,130.39,130.48,130.48,130.56,8.43,41.72,1015.27,7.15,29,212
1/1/2026 19:16,129.95,130.31,129.86,129.86,129.86,129.97,8.04,40.76,1015.38,7.13,29.7,212
1/1/2026 19:31,128.47,128.42,128.5,128.47,128.45,128.46,7.62,40.68,1015.31,7.1,30,212
1/1/2026 19:46,126.64,126.64,126.64,126.52,126.65,126.62,7.23,41.16,1015.39,7.09,30.3,216
1/1/2026 20:01,125.28,125.3,125.18,125.3,125.35,125.28,6.84,41.14,1015.37,7.06,29.9,210
1/1/2026 20:16,125.06,125.07,124.61,124.7,124.7,124.83,6.52,46.23,1015.46,7.04,29.7,210
1/1/2026 20:31,126.93,126.98,126.94,126.86,126.86,126.91,6.36,49.72,1015.56,7.02,29.7,210
1/1/2026 20:46,131.93,131.93,131.85,132.31,131.95,132,6.31,50.74,1015.61,6.99,29.7,206
1/1/2026 21:01,135.91,136.36,136.53,135.93,135.91,136.13,6.04,48.26,1015.64,6.96,30.1,212
1/1/2026 21:16,136.02,136.46,136.55,136.46,136.45,136.39,5.71,47.59,1015.79,6.94,30.4,210
1/1/2026 21:31,137.49,138.73,137.47,138.28,137.83,137.96,5.41,47.56,1015.89,6.91,30.3,210
1/1/2026 21:46,136.62,136.98,136.98,136.98,137.08,136.93,5.14,47.74,1015.86,6.87,29.9,206
1/1/2026 22:01,137.56,137.56,137.58,137.95,137.13,137.56,4.93,48.68,1015.92,6.84,30,206
1/1/2026 22:16,137.17,137.15,136.7,136.7,137.25,136.99,4.75,49.56,1015.99,6.8,30,206
1/1/2026 22:31,137.13,137.13,136.75,136.75,136.79,136.91,4.56,48.94,1015.85,6.76,30.3,206
1/1/2026 22:46,137.08,137.13,136.72,136.7,137.18,136.96,4.44,51.84,1015.89,6.72,30.3,204
1/1/2026 23:01,138.47,138.88,138.47,138.49,137.18,138.3,4.29,52.96,1015.95,6.66,30.7,204
1/1/2026 23:16,137.73,136.91,137.29,137.29,137.35,137.31,4.16,51.06,1015.87,6.61,30.5,200
1/1/2026 23:31,137.29,136.89,137.29,136.91,136.96,137.07,4.02,51.3,1015.77,6.54,29.9,196
1/1/2026 23:47,136.82,136.84,136.41,136.46,136.84,136.68,3.9,51.64,1015.63,6.46,30,194
1/2/2026 0:02,136.81,136.84,136.84,136.82,136.91,136.84,3.79,53.02,1015.49,6.36,30.3,194
1/2/2026 0:17,136.82,136.82,136.84,136.39,136.5,136.68,3.69,52.82,1015.35,6.23,29.8,186
1/2/2026 0:32,136.94,137.03,136.94,136.93,137.03,136.97,3.64,54.85,1015.13,6.04,29.7,180
1/4/2026 9:40,91.38,91.02,91.38,91.24,91.36,91.27,11.33,74.49,1021.37,17.92,inf,0
1/4/2026 9:55,86.5,86.49,86.49,86.5,86.42,86.48,20.3,48.96,1021.56,6.37,nan,0
1/4/2026 10:10,82.39,82.83,82.47,82.49,82.83,82.6,21.09,44.78,1021.7,6.53,nan,0
1/4/2026 10:25,78.22,78.24,78.24,78.12,78.14,78.19,22.65,42.35,1021.96,6.64,nan,0
1/4/2026 10:40,74.47,74.47,74.47,74.38,74.47,74.45,25.22,37.33,1022.09,6.73,nan,0
1/4/2026 10:55,71.31,71.31,71.31,71.31,71.21,71.29,25.88,33.94,1022.03,6.81,nan,0
1/4/2026 11:10,68.93,68.48,68.91,68.91,68.91,68.83,26.81,35.07,1021.96,6.86,nan,0
1/4/2026 11:25,68.03,68.05,68.05,68.05,68.07,68.05,27.2,33.8,1021.95,6.91,nan,0
1/4/2026 11:40,69.92,69.58,69.92,69.47,69.92,69.76,28.01,30.01,1021.76,6.94,nan,0
1/4/2026 11:55,72.89,72.9,72.8,72.9,72.9,72.88,27.73,29.35,1021.65,6.97,nan,0
1/4/2026 12:10,77.12,77.04,77.02,77.02,77.04,77.05,28.1,29.54,1021.31,6.99,nan,0
1/4/2026 12:25,81.62,81.62,81.62,81.65,81.53,81.61,28.42,28.58,1021.34,7,nan,0
1/4/2026 12:40,86.09,86.11,86.11,86.11,86.09,86.1,28.77,30.31,1021.32,7,nan,0
1/4/2026 12:55,90.77,90.77,90.67,90.79,90.79,90.76,28.7,28.53,1021.31,7,nan,0
1/4/2026 13:10,95.54,95.15,95.17,95.15,95.54,95.31,29.69,28.11,1021.25,7,nan,0
1/4/2026 13:25,99.56,99.92,99.47,100.02,99.9,99.77,30.1,28.28,1020.96,7,nan,0
1/4/2026 13:40,105.49,105.42,105.32,105.39,105.51,105.42,31.15,26.22,1020.9,7,nan,0
1/4/2026 13:55,111.6,111.58,111.6,111.51,111.6,111.57,31.32,25.67,1020.65,7,nan,0
1/4/2026 14:10,119.38,119.38,119.4,119.45,119.38,119.4,31.37,28.07,1020.62,7.01,nan,0
1/4/2026 14:25,128.88,131.16,131.16,128.83,131.15,130.24,32.28,26.17,1020.64,7.02,nan,0
1/4/2026 14:40,128.8,130.49,130.56,129.65,128.76,129.65,32.16,25.08,1020.52,7.03,nan,0
1/4/2026 14:55,137.27,123.96,131.69,129.98,123.09,129.2,32.55,25.61,1020.49,7.04,nan,0
1/4/2026 15:10,129.47,129.02,130.36,122.91,129,128.15,32.29,25.46,1020.46,7.06,nan,0
1/4/2026 15:25,123.41,121.66,122.13,122.57,129.48,123.85,33.4,24.77,1020.46,7.08,nan,0
1/4/2026 15:40,137.32,136.94,131.35,137.37,130.01,134.6,33.14,25.42,1020.5,7.09,nan,0
1/4/2026 15:55,130.08,129.98,130,129.09,122.13,128.25,33.53,24.52,1020.43,7.1,nan,0
1/4/2026 16:10,136.69,132.9,133.27,133.36,131.59,133.56,33.32,26.27,1020.41,7.12,nan,0
1/4/2026 16:25,129.62,130.05,129.6,129.62,129.62,129.7,33.01,24.9,1020.4,7.13,nan,0
1/4/2026 16:40,136.84,136.84,130.84,130.39,137.29,134.44,30.67,28.56,1020.26,7.15,nan,0
1/4/2026 16:56,130.19,130.17,130.19,130.15,129.74,130.09,25.6,31.99,1020.15,7.14,nan,0
1/4/2026 17:11,137.77,132.07,137.42,137.77,130.75,135.16,20.43,36.84,1020.24,7.14,nan,0
1/4/2026 17:26,123.79,122.54,122.52,123.34,123.77,123.19,17.01,40.57,1020.48,7.13,nan,0
1/4/2026 17:41,123.1,131.06,131.51,138.28,137.9,132.37,14.73,42.91,1020.43,7.12,nan,0
1/4/2026 17:56,132.18,132.18,133.98,132.62,132.28,132.64,13.04,45.92,1020.86,7.1,nan,0
1/4/2026 18:11,131.42,131.33,131.76,123.91,123.91,128.47,11.7,48.33,1020.95,7.08,nan,0
1/4/2026 18:26,131.45,131.35,131.76,131.33,131.37,131.45,10.7,48.11,1021.17,7.06,nan,0
1/4/2026 18:41,131.54,131.9,131.9,131.44,131.42,131.64,10.04,49.6,1021.25,7.04,nan,0
1/4/2026 18:56,131.97,131.56,131.56,131.56,131.56,131.64,9.48,50.09,1021.32,7,nan,0
1/4/2026 19:11,132.5,131.66,131.68,131.68,132.96,132.1,8.98,51.08,1021.5,7,nan,0
1/4/2026 19:26,132.14,132.12,132.14,132.57,132.14,132.22,8.55,51.89,1021.65,6.97,nan,0
1/4/2026 19:41,131.85,132.28,132.23,131.8,132.67,132.16,8.13,52.55,1021.64,6.94,nan,0
1/4/2026 19:56,132.71,132.72,132.72,132.74,132.84,132.75,7.8,53.56,1021.75,6.92,nan,0
1/4/2026 20:11,131.54,131.9,132.36,131.92,132.36,132.02,7.5,54.15,1021.81,6.88,nan,0
1/4/2026 20:26,129.86,129.86,130.2,130.22,130.17,130.06,7.27,54.85,1021.81,6.84,nan,0
1/4/2026 20:41,125.78,125.78,125.71,125.78,125.8,125.77,7.04,55.26,1021.86,6.81,nan,0
1/4/2026 20:56,122.52,122.54,122.97,122.52,122.52,122.61,6.84,56.38,1021.96,6.76,nan,0
1/4/2026 21:11,119.04,119.04,119.02,119.02,119.02,119.03,6.63,56.41,1022,6.72,nan,0
1/4/2026 21:26,115.4,115.4,115.37,115.37,115.51,115.41,6.5,56.98,1022.04,6.67,nan,0
1/4/2026 21:41,112.06,112.08,111.63,112.06,112.04,111.97,6.37,58.49,1022.4,6.62,nan,0
1/4/2026 21:56,108.61,108.7,108.68,108.53,108.7,108.64,6.31,58.17,1022.75,6.56,nan,0
1/4/2026 22:11,105.7,105.27,105.25,105.7,105.63,105.51,6.18,59.16,1022.97,6.48,nan,0
1/4/2026 22:26,102.35,102.75,102.73,102.75,102.75,102.66,6.13,59.25,1023.07,6.39,nan,0
1/4/2026 22:41,100.12,99.74,99.83,100.1,99.73,99.91,6.22,59.74,1023.02,6.26,nan,0
1/4/2026 22:56,98.29,97.91,98.29,97.93,98.03,98.09,6.37,61.13,1022.88,6.09,nan,0
1/5/2026 9:00,118.88,118.83,118.97,118.83,118.82,118.87,8.73,72.84,1023.24,18.05,-0.1,-2
1/5/2026 9:15,114.25,114.24,114.24,114.25,114.24,114.24,13.7,69.76,1023.53,6.09,29.2,176
1/5/2026 9:30,109.93,109.93,109.93,109.83,109.81,109.89,18.59,63.06,1023.56,6.27,29.6,186
1/5/2026 9:45,105.42,105.4,105.4,105.42,105.44,105.42,23.93,52.03,1023.66,6.49,28.8,190
1/5/2026 10:00,100.93,100.57,101.03,100.93,100.82,100.86,26.71,44.45,1023.48,6.64,28.6,190
1/5/2026 10:15,96.31,96.57,96.21,96.19,96.21,96.3,28.91,39.89,1023.46,6.74,28.2,190
1/5/2026 10:30,92.1,92.1,92.44,92.37,92.35,92.27,30.54,38.56,1023.47,6.82,27.7,196
1/5/2026 10:45,88.03,87.95,87.95,88.37,87.95,88.05,31.62,35.96,1023.32,6.88,28.5,196
1/5/2026 11:00,84.07,84.07,84.17,83.98,83.9,84.04,30.63,35.64,1023.18,6.93,28.4,196
1/5/2026 11:15,80.45,80.45,80.54,80.54,80.62,80.52,31.23,36.25,1023,6.96,28.6,200
1/5/2026 11:30,77.36,77.28,77.19,77.28,77.26,77.27,33.24,33.17,1022.66,6.99,29.1,204
1/5/2026 11:45,75.01,74.93,74.95,74.84,74.84,74.91,34.13,30.64,1022.41,7.01,27.8,200
1/5/2026 12:00,74.21,74.19,74.12,74.09,74.19,74.16,34.71,31.29,1022.09,7.04,28.4,200
1/5/2026 12:15,75.56,75.56,75.56,75.55,75.46,75.54,34.98,29.38,1021.69,7.05,28.8,204
1/5/2026 12:30,78.77,78.67,78.63,78.65,78.84,78.71,35.49,29.82,1021.57,7.06,29.1,206
1/5/2026 12:45,83.14,83.23,83.23,83.16,83.52,83.26,35.58,29.05,1021.16,7.06,28.7,204
1/5/2026 13:00,88,87.62,87.65,87.64,88.08,87.8,35.57,28.54,1021,7.06,28.8,204
1/5/2026 13:15,92.3,92.32,92.32,91.84,92.2,92.19,35.68,28.7,1020.84,7.06,28.4,200
1/5/2026 13:30,96.9,96.9,96.81,96.88,96.79,96.86,35.63,28.79,1020.8,7.05,29.1,206
1/5/2026 13:45,101.27,101.36,101.39,101.25,101.27,101.31,36.14,29.17,1020.53,7.06,28.4,200
1/5/2026 14:00,106.31,106.24,106.24,106.16,106.06,106.2,36.09,28.2,1020.3,7.06,28.6,204
1/5/2026 14:15,112.45,112.44,112.44,112.45,112.45,112.45,36.05,28.55,1020.17,7.06,28.6,206
1/5/2026 14:30,120.14,120.22,120.17,120.56,120.55,120.33,36.82,26.81,1020.27,7.07,28.7,200
1/5/2026 14:45,128.66,129.09,128.64,128.64,129.07,128.82,35.28,28.75,1020.13,7.08,28.3,200
1/5/2026 15:00,128.75,122.14,128.9,130.07,122.81,126.53,35.37,28.87,1020.02,7.09,28.5,204
1/5/2026 15:15,129.09,129.45,129.02,134.56,132.23,130.87,35.65,29.05,1019.91,7.1,28.6,204
1/5/2026 15:30,127.97,128.4,129.69,120.94,121.87,125.77,36.13,28.82,1019.94,7.12,29.1,206
1/5/2026 15:45,129.05,129.07,129.07,128.68,128.68,128.91,32.37,31.43,1019.71,7.12,28.4,204
1/5/2026 16:00,121.18,121.06,129.28,121.1,121.08,122.74,31.41,33.78,1019.68,7.14,29.2,210
1/5/2026 16:16,129.67,129.69,129.67,129.74,129.4,129.63,27.71,37.58,1019.83,7.13,29,206
1/5/2026 16:31,129.26,129.19,129.62,130.53,131.44,130.01,30.73,35.49,1019.64,7.14,28.9,206
1/5/2026 16:46,130.29,130.65,130.19,130.63,130.1,130.37,30.18,36.27,1019.75,7.15,28.4,204
1/5/2026 17:01,130.84,130.36,130.84,132.62,131.27,131.18,25.27,41,1019.63,7.14,29.2,210
1/5/2026 17:16,134.66,137.63,138.07,137.18,133.94,136.3,21.81,43.19,1019.74,7.14,29.6,210
1/5/2026 17:31,132.07,132.06,131.66,132.06,132.14,132,19.04,45.39,1019.91,7.12,29,206
1/5/2026 17:46,131.49,131.83,131.81,131.81,131.83,131.76,17.18,47.07,1020.08,7.1,29.3,206
1/5/2026 18:01,131.97,131.99,131.97,131.97,131.54,131.89,15.82,48.18,1020.04,7.09,29.7,210
1/5/2026 18:16,131.11,131.85,132.3,133.19,134.1,132.51,14.69,49.62,1020.03,7.07,29.2,206
1/5/2026 18:31,131.63,131.49,131.93,131.08,131.49,131.52,13.92,51.5,1019.81,7.05,29.5,206
1/5/2026 18:46,131.23,131.52,130.7,131.57,131.15,131.24,13.33,53.79,1019.97,7.02,30,210
1/5/2026 19:01,131.33,131.25,131.25,130.79,130.79,131.08,12.9,54.98,1020.17,7,29.8,210
1/5/2026 19:16,131.37,131.27,131.25,131.25,131.28,131.28,12.5,56.9,1019.98,6.98,29.4,206
1/5/2026 19:31,131.45,130.92,131.35,131.39,131.39,131.3,12.12,57.33,1020.01,6.95,30.1,210
1/5/2026 19:46,131.11,131.03,130.92,130.94,130.94,130.99,11.84,57.08,1020.06,6.92,29.2,204
1/5/2026 20:01,131.15,131.03,131.01,130.99,131.03,131.04,11.61,58.01,1020.23,6.9,29.2,204
1/5/2026 20:16,131.13,131.03,131.01,131.01,130.99,131.03,11.46,59.83,1020.23,6.86,29.7,204
1/5/2026 20:31,131.15,130.6,131.04,130.65,130.65,130.82,11.27,59.73,1020.31,6.82,29.5,200
1/5/2026 20:46,131.16,130.67,130.68,130.68,131.06,130.85,11.1,61.93,1020.16,6.79,29.6,200
1/5/2026 21:01,130.32,130.7,130.7,131.04,130.6,130.67,10.94,61.7,1020.35,6.74,29.3,196
1/5/2026 21:16,131.85,131.85,131.85,131.87,131.87,131.86,10.8,61.69,1020.37,6.7,30,200
1/5/2026 21:31,128.01,127.65,127.56,127.54,127.46,127.64,10.64,61.91,1020.2,6.65,29.2,194
1/5/2026 21:46,124.18,124.56,124.56,124.13,124.56,124.4,10.51,62.38,1020.27,6.59,29.1,194
1/5/2026 22:01,121.51,121.51,121.51,121.49,121.51,121.5,10.51,62.77,1020.22,6.52,28.4,190
1/5/2026 22:16,118.7,118.76,118.82,118.75,118.32,118.67,10.79,63.24,1020.03,6.44,29.3,190
1/5/2026 22:31,115.9,115.81,115.88,115.93,116,115.91,10.86,63.41,1019.95,6.34,29.1,184
1/5/2026 22:46,113.36,113.38,113.28,113.29,113.28,113.32,10.73,63.51,1019.84,6.21,28.9,180
1/5/2026 23:01,110.74,110.72,110.75,110.74,110.75,110.74,10.55,64.69,1019.84,6.02,29.2,176
1/6/2026 9:00,130.48,130.48,130.91,130.79,130.36,130.6,14.41,88.39,1018.78,17.79,inf,0
1/6/2026 9:15,130.75,130.72,130.29,130.6,130.6,130.59,17.84,71.75,1018.71,6.07,nan,0
1/6/2026 9:30,127.66,127.77,128.2,127.87,127.65,127.83,22.44,58.08,1018.86,6.25,nan,0
1/6/2026 9:45,124.05,123.96,123.67,124.06,123.57,123.86,26.8,45.6,1018.97,6.47,nan,0
1/6/2026 10:00,119.84,119.84,119.86,119.84,119.98,119.88,29.07,40.26,1018.96,6.62,nan,0
1/6/2026 10:15,115.9,115.88,115.88,115.92,115.97,115.91,29.3,38.95,1019.02,6.73,nan,0
1/6/2026 10:30,112.2,112.21,112.21,112.21,112.21,112.21,29.57,38.36,1019.01,6.81,nan,0
1/6/2026 10:45,107.96,107.98,107.94,108.05,108.05,107.99,28.48,39.81,1018.77,6.86,nan,0
1/6/2026 11:00,104.15,104.24,104.22,104.24,104.15,104.2,30.9,35.09,1018.43,6.91,nan,0
1/6/2026 11:15,100.57,100.5,100.57,100.48,100.48,100.52,28.91,38.51,1018.35,6.95,nan,0
1/6/2026 11:30,96.61,96.88,96.42,96.86,96.88,96.73,28.9,37.54,1018.13,6.99,nan,0
1/6/2026 11:45,93.62,93.74,93.71,93.26,93.64,93.59,29.23,37.18,1017.7,7.01,nan,0
1/6/2026 12:00,90.17,90.19,90.07,90.17,90.19,90.16,31.23,33.7,1017.39,7.03,nan,0
1/6/2026 12:15,87.81,87.45,87.43,87.45,87.81,87.59,31.98,32.67,1016.91,7.05,nan,0
1/6/2026 12:30,85.29,85.29,85.2,85.66,85.3,85.35,32.36,32.75,1016.72,7.06,nan,0
1/6/2026 12:45,85.3,84.96,85.3,84.86,84.96,85.08,29.08,36.8,1016.66,7.07,nan,0
1/6/2026 13:00,86.32,86.32,86.32,86.32,86.32,86.32,28.42,39.22,1016.52,7.08,nan,0
1/6/2026 13:15,89.71,90.07,89.8,90.07,90.07,89.94,31.15,34.29,1016.03,7.08,nan,0
1/6/2026 13:30,94.08,94.02,93.67,93.66,94,93.89,32.32,32.97,1015.83,7.08,nan,0
1/6/2026 13:45,98.13,98.51,98.15,98.49,98.66,98.39,33.13,30.79,1015.42,7.08,nan,0
1/6/2026 14:00,102.99,102.88,102.88,102.9,102.99,102.93,33.22,30.64,1015.35,7.08,nan,0
1/6/2026 14:15,107.67,107.74,107.53,107.65,107.53,107.62,33.27,30.94,1015.12,7.08,nan,0
1/6/2026 14:30,113.43,113.41,113.29,113.21,113.29,113.33,33.43,30.67,1014.89,7.1,nan,0
1/6/2026 14:45,120.39,120.39,120.31,120.32,120.32,120.35,33.45,30.27,1014.84,7.1,nan,0
1/6/2026 15:00,121.11,129.59,130.1,127.49,128.4,127.34,33.52,30.37,1014.75,7.12,nan,0
1/6/2026 15:15,126.26,128.88,128.08,121.61,128.87,126.74,32.88,31.21,1014.71,7.13,nan,0
1/6/2026 15:30,128.47,128.04,129.72,128.02,128.02,128.46,33.85,30.05,1014.6,7.15,nan,0
1/6/2026 15:45,122.01,122.01,128.93,122.81,121.2,123.39,34.12,29.74,1014.74,7.16,nan,0
1/6/2026 16:00,129.31,121.49,121.9,129.31,121.94,124.79,34.34,29.51,1014.53,7.17,nan,0
1/6/2026 16:16,123.65,132.02,131.45,131.92,131.76,130.16,33.82,30.44,1014.46,7.18,nan,0
1/6/2026 16:31,131.2,131.56,121.15,121.97,121.13,125.4,32.38,31.96,1014.35,7.19,nan,0
1/6/2026 16:46,127.77,127.77,128.25,128.26,128.13,128.04,28.39,37.56,1014.41,7.18,nan,0
1/6/2026 17:01,129.19,128.73,128.76,128.75,128.3,128.75,24.24,43.71,1014.37,7.18,nan,0
1/6/2026 17:16,128.99,128.56,132.5,122.4,121.51,126.79,21.94,47.6,1014.29,7.17,nan,0
1/6/2026 17:31,129.11,132.64,132.98,132.98,132.54,132.05,20.19,56.14,1014.55,7.16,nan,0
1/6/2026 17:46,129.81,130.22,131.08,130.63,129.79,130.31,18.66,61.34,1014.84,7.14,nan,0
1/6/2026 18:01,132.55,132.11,133,132.54,133.56,132.75,17.46,65.34,1015.06,7.13,nan,0
1/6/2026 18:16,133.02,132.57,133.08,133.1,133.22,133,16.58,67.58,1015.35,7.11,nan,0
1/6/2026 18:31,133.14,133.53,133.03,133.14,132.78,133.12,15.89,71.05,1015.5,7.09,nan,0
1/6/2026 18:46,133.58,133.56,133.99,133.67,133.65,133.69,15.47,73.3,1015.35,7.07,nan,0
1/6/2026 19:01,133.58,132.24,132.67,133.15,133.7,133.07,15.3,74.5,1015.51,7.05,nan,0
1/6/2026 19:16,133.22,133.67,133.65,134.13,133.68,133.67,15.22,74.65,1015.59,7.03,nan,0
1/6/2026 19:31,133.26,133.72,133.22,133.36,133.36,133.38,15.15,75.07,1015.7,7,nan,0
1/6/2026 19:46,132.79,132.81,132.78,132.78,133.31,132.89,15.01,76.79,1015.69,6.97,nan,0
1/6/2026 20:01,133.77,133.32,133.77,133.43,133.41,133.54,14.9,76.92,1015.94,6.95,nan,0
1/6/2026 20:16,133.32,133.27,133.34,133.44,133.44,133.37,14.72,77.23,1015.97,6.92,nan,0
1/6/2026 20:31,132.88,133.34,133.34,133.32,133,133.18,14.76,77.79,1015.92,6.89,nan,0
1/6/2026 20:46,132.81,133.17,133.22,133.15,132.9,133.05,14.89,78.21,1015.79,6.85,nan,0
1/6/2026 21:01,131.01,130.92,130.89,131.8,131.33,131.19,15.05,78.23,1015.67,6.82,nan,0
1/6/2026 21:16,133.17,132.71,132.24,133.15,132.81,132.82,15.17,nan,1015.5,6.78,nan,0
1/6/2026 21:31,132.69,132.31,131.78,131.81,131.8,132.08,15.13,78.43,1015.45,6.74,nan,0
1/6/2026 21:46,133.2,132.24,132.71,133.14,133.27,132.91,15.05,80.21,1015.44,6.69,nan,0
1/6/2026 22:01,133.02,133.1,132.18,131.75,131.4,132.29,15.17,81.15,1015.44,17.66,inf,0
1/6/2026 22:16,132.59,133.03,131.25,131.23,131.69,131.96,15.25,80.95,1015.35,6.58,nan,0
1/6/2026 22:31,131.37,131.25,131.28,131.27,131.25,131.28,15.25,81.16,1015.33,6.51,nan,0
1/6/2026 22:46,129.53,129.6,122.5,122.91,122.49,125.41,15.38,81.23,1015.33,17.66,inf,0
1/6/2026 23:01,127.99,128.47,128.13,128.09,128.04,128.14,15.51,80.77,1015.43,17.66,inf,0
1/6/2026 23:16,125.98,126,125.9,126.07,126.07,126,15.6,80.71,1015.41,17.66,inf,0
1/6/2026 23:31,124.77,124.77,124.83,124.83,124.75,124.79,15.57,80.84,1015.34,5.96,nan,0
1/9/2026 9:00,122.26,122.26,122.26,122.25,122.25,122.26,16.52,81.38,1024.93,18.05,inf,0
1/9/2026 9:15,122.4,135.24,135.14,123.26,123.26,127.86,20.19,76.17,1025.03,18.05,inf,0
1/9/2026 9:30,129.17,128.73,135.28,136.21,135.3,132.94,20.8,76.48,1025.06,5.96,nan,0
1/9/2026 9:45,136.65,136.65,135.4,122.16,123.41,130.85,23.84,71.93,1025.07,6.07,nan,0
1/9/2026 10:00,126.43,125.18,125.88,126,123.39,125.38,29.3,55.86,1025.21,6.33,nan,0
1/9/2026 10:15,130.13,128.87,128.38,127.96,131.47,129.36,32.55,52.19,1025.24,6.51,nan,0
1/9/2026 10:30,128.97,127.7,127.72,127.7,127.97,128.01,32.2,47.09,1025.05,6.59,nan,0
1/9/2026 10:45,119.84,119.84,119.84,120.22,119.48,119.85,33.57,41.57,1025.03,6.67,nan,0
1/9/2026 11:00,121.52,120.2,133.15,134.06,120.65,125.92,33.33,43.6,1024.87,6.72,nan,0
1/9/2026 11:15,135.07,133.74,132.66,134.1,124.13,131.94,35.17,40.66,1024.68,6.76,nan,0
1/9/2026 11:30,132.81,131.09,127.22,128.13,128.21,129.49,36.71,35.9,1024.41,6.81,nan,0
1/9/2026 11:45,127.96,129.84,129.93,131.37,130.99,130.02,37.41,34.37,1024.34,6.85,nan,0
1/9/2026 12:00,128.14,129.43,128.14,126,132.36,128.82,38.23,34.62,1024.15,6.88,nan,0
1/9/2026 12:15,130.05,130.15,130.1,129.65,129.69,129.93,38.79,33.39,1023.82,6.9,nan,0
1/9/2026 12:30,129.29,128.87,128.87,128.42,129.24,128.94,38.56,31.91,1023.64,6.92,nan,0
1/9/2026 12:45,126.22,126.58,126.58,126.12,126.22,126.35,39.03,31.52,1023.45,6.93,nan,0
1/9/2026 13:00,123.91,120.15,123.93,123.82,123.84,123.13,38.89,31.69,1023.08,6.94,nan,0
1/9/2026 13:15,122.01,122.09,122.11,121.75,122.19,122.03,39.24,31.13,1022.88,6.94,nan,0
1/9/2026 13:30,120.91,121.2,121.08,121.27,120.8,121.05,39.73,28.22,1022.83,6.96,nan,0
1/9/2026 13:45,119.78,119.78,119.78,119.83,119.86,119.8,39.7,28.07,1022.77,6.97,nan,0
1/9/2026 14:00,118.35,117.99,118.11,117.99,118.37,118.16,38.37,30.33,1022.53,6.97,nan,0
1/9/2026 14:15,117.7,117.61,118.09,117.63,117.61,117.73,37.04,31.79,1022.48,6.98,nan,0
1/9/2026 14:30,118.08,118.08,118.2,118.08,118.08,118.1,37.5,31.41,1022.46,6.99,nan,0
1/9/2026 14:45,119.62,119.6,119.6,119.6,119.69,119.62,37.4,31.25,1022.39,7,nan,0
1/9/2026 15:00,124.15,121.75,124.1,124.18,122.98,123.43,33.58,35.76,1022.46,7,nan,0
1/9/2026 15:15,125.13,124.68,125.01,125.11,123.41,124.67,31,40.35,1022.39,7,nan,0
1/9/2026 15:30,125.49,126.41,125.83,126.4,127.2,126.27,30.68,41.39,1022.47,7,nan,0
1/9/2026 15:45,135.02,134.59,134.56,127.3,127.3,131.76,30.33,42.8,1022.6,7,nan,0
1/9/2026 16:00,127.39,132.6,126.46,128.18,126.46,128.22,29.59,44.35,1022.46,7,nan,0
1/9/2026 16:16,124.78,124.78,125.93,125.23,124.77,125.1,29.48,44.77,1022.5,6.99,nan,0
1/9/2026 16:31,126.46,126.89,125.66,126.09,125.66,126.15,31.43,42.53,1022.47,7,nan,0
1/9/2026 16:46,127.85,133.26,126.58,126.12,124.44,127.65,31.61,42.11,1022.7,7,nan,0
1/9/2026 17:01,127.27,133.86,133.65,132.72,134.37,132.37,27.97,48.9,1022.93,6.98,nan,0
1/9/2026 17:16,121.2,122.02,122.83,121.99,121.56,121.92,25.52,51.72,1023.18,6.96,nan,0
1/9/2026 17:31,122.07,121.23,121.61,121.59,121.61,121.62,23.74,56.21,1023.18,6.94,nan,0
1/9/2026 17:46,121.9,121.9,121.92,135.49,122.35,124.71,22.47,59.31,1023.09,6.92,nan,0
1/9/2026 18:01,134.83,128.52,133.99,133.99,134.92,133.25,21.55,63.43,1023.27,6.89,nan,0
1/9/2026 18:16,134.9,134.1,134.1,129.59,135,133.54,20.83,66.49,1023.31,6.86,nan,0
1/9/2026 18:31,122.07,128.01,128.01,127.17,127.25,126.5,20.43,70.26,1023.38,6.82,nan,0
1/9/2026 18:46,121.7,122.16,122.16,122.16,122.18,122.07,20.03,71.06,1023.44,6.79,nan,0
1/9/2026 19:01,122.18,122.59,122.62,126.96,122.18,123.31,19.68,71.61,1023.63,6.75,nan,0
1/9/2026 19:16,128.08,128.06,128.08,128.06,128.4,128.13,19.19,69.76,1023.67,6.7,nan,0
1/9/2026 19:31,128.37,129.23,128.35,128.35,128.37,128.53,18.7,69.8,1023.73,6.66,nan,0
1/9/2026 19:46,128.47,128.88,128.92,128.9,128.45,128.72,18.15,69.31,1023.86,6.6,nan,0
1/9/2026 20:01,128.93,128.93,128.49,128.5,128.93,128.76,17.67,69.75,1023.8,6.54,nan,0
1/9/2026 20:16,128.47,123.7,129.62,127.92,129.19,127.78,17.3,74.02,1023.9,6.47,nan,0
1/9/2026 20:31,122.11,122.09,122.09,122.54,123.34,122.43,17.01,71.7,1023.91,6.38,nan,0
1/9/2026 20:46,121.73,122.54,121.75,121.75,122.59,122.07,16.61,71.27,1024.02,6.26,nan,0
1/9/2026 21:01,122.66,121.85,122.67,122.23,122.21,122.32,16.26,71.39,1024.12,6.1,nan,0
1/10/2026 9:10,135.5,135.5,136.07,135.95,135.93,135.79,21.95,82.71,1022.39,17.92,inf,0
1/10/2026 9:25,122.3,135.93,130.05,123.19,135.83,129.46,23.48,74.85,1022.73,6,nan,0
1/10/2026 9:40,125.33,125.78,130,123.86,123.99,125.79,23.61,72.37,1022.92,6,nan,0
1/11/2026 9:25,133.7,133.7,122.79,123.24,123.7,127.43,18.64,74.63,1019.73,5.94,nan,0
1/11/2026 9:40,133.19,133.17,133.63,133.27,133.27,133.31,20.98,66.26,1020.01,6.04,nan,0
1/11/2026 9:55,131.73,131.75,131.27,132.62,131.75,131.82,22.56,57.42,1020.08,6.18,nan,0
1/11/2026 10:10,132.33,132.33,132.84,133.32,132.9,132.74,25.8,43.06,1020.16,6.4,nan,0
1/11/2026 10:25,130.72,131.16,131.51,131.51,131.08,131.19,24.4,39.27,1020.6,6.5,nan,0
1/11/2026 10:40,131.66,131.66,122.54,131.27,122.54,127.93,23.66,36.53,1020.86,6.6,nan,0
1/11/2026 10:55,131.27,122.93,131.73,132.07,131.64,129.93,24.99,33.35,1020.4,6.67,nan,0
1/11/2026 11:10,131.71,131.71,131.21,131.61,132.04,131.66,26.27,29.57,1020.13,6.74,nan,0
1/11/2026 11:25,131.83,131.9,130.92,130.46,131.44,131.31,26.83,28.58,1020.01,6.79,nan,0
1/11/2026 11:40,131.2,131.92,131.54,131.54,130.99,131.44,25.67,26.78,1019.94,6.83,nan,0
1/11/2026 11:55,131.66,131.51,131.54,130.24,131.57,131.3,25.13,26.36,1019.84,6.86,nan,0
1/11/2026 12:10,130.27,131.59,130.61,131.42,131.4,131.06,24.72,25.77,1019.69,6.89,nan,0
1/11/2026 12:25,130.77,131.2,131.03,131.11,131.54,131.13,25.96,24.63,1019.45,6.91,nan,0
1/11/2026 12:40,131.71,132.06,122.09,122.04,131.69,127.92,27.29,22.89,1019.21,6.92,nan,0
1/11/2026 12:55,122.69,122.25,123.5,131.08,121.35,124.17,27.91,21.97,1019.14,6.92,nan,0
1/11/2026 13:10,122.21,131.33,122.21,131.03,121.49,125.65,28.7,20.38,1018.93,6.92,nan,0
1/11/2026 13:25,131.57,131.37,129.38,130.19,131.39,130.78,28.61,19.76,1019.02,6.93,nan,0
1/11/2026 13:40,131.23,130.7,130.32,121.68,131.33,129.05,28.39,19.38,1018.89,6.94,nan,0
1/11/2026 13:55,122.78,131.15,131.16,121.95,121.95,125.8,28.88,19.04,1018.98,6.94,nan,0
1/11/2026 14:10,131.3,122.02,122.02,121.56,122.02,123.79,30.41,17.42,1019.06,6.95,nan,0
1/11/2026 14:25,130.56,131.49,122.18,133.62,122.26,128.02,30.2,17.71,1019.02,6.96,nan,0
1/11/2026 14:40,131.16,131.01,130.75,130.2,130.65,130.76,29.38,16.83,1019.19,6.98,nan,0
1/11/2026 14:55,121.68,121.66,121.7,121.68,121.59,121.66,28.06,16.82,1019.39,7,nan,0
1/11/2026 15:10,122.26,121.06,122.35,121.63,121.15,121.69,27.71,17.2,1019.97,7.02,nan,0
1/11/2026 15:25,131.35,122.18,123,122.98,122.11,124.32,26.93,17.9,1020.3,7.05,nan,0
1/11/2026 15:40,122.79,131.59,131.95,123.67,131.93,128.39,25.59,18.87,1020.37,7.07,nan,0
1/11/2026 15:55,131.18,131.54,131.09,131.08,123.14,129.61,23.4,20.97,1020.55,7.08,nan,0
1/11/2026 16:10,130.56,131.03,124.01,131.03,131.04,129.53,23.29,21.7,1020.75,7.09,nan,0
1/11/2026 16:25,131.35,131.23,130.43,131.27,131.27,131.11,22.35,21.37,1021.16,7.09,nan,0
1/11/2026 16:41,131.73,131.81,131.78,131.37,131.81,131.7,20.46,23.08,1021.32,7.1,nan,0
1/11/2026 16:56,122.28,122.67,123.53,131.95,122.66,124.62,18.36,24.52,1021.42,7.09,nan,0
1/11/2026 17:11,131.16,131.52,131.51,131.51,131.51,131.44,16.22,26.27,1021.93,7.07,nan,0
1/11/2026 17:26,131.99,132.02,131.99,131.56,132,131.91,14.8,27.99,1022.34,7.06,nan,0
1/11/2026 17:41,131.66,131.66,132.04,131.68,131.63,131.73,13.89,29.43,1022.79,7.03,nan,0
1/11/2026 17:56,131.61,132.14,132.16,132.12,132.14,132.03,13.1,32.01,1023.13,7.01,nan,0
1/11/2026 18:11,131.76,132.21,131.76,132.67,132.59,132.2,12.65,33.45,1023.59,6.98,nan,0
1/11/2026 18:26,132.14,132.21,132.12,131.76,132.14,132.08,12.36,33.72,1023.61,6.96,nan,0
1/11/2026 18:41,132.28,132.26,132.26,132.26,132.26,132.26,12.1,34.89,1024.11,6.93,nan,0
1/11/2026 18:56,132.42,132.43,132.42,132.5,132.52,132.46,11.88,35.66,1024.49,6.9,nan,0
1/11/2026 19:11,132.38,132.36,132.36,131.99,132,132.22,11.54,35.45,1024.91,6.87,nan,0
1/11/2026 19:26,132.98,132.55,132.55,132.95,132.59,132.72,11.19,35.62,1025.27,6.84,nan,0
1/11/2026 19:41,123,131.85,132.28,122.98,123.34,126.69,11.13,35.8,1025.7,6.8,nan,0
1/11/2026 19:56,132.6,132.6,132.69,132.66,132.81,132.67,10.81,36.13,1026.04,6.76,nan,0
1/11/2026 20:11,132.35,132.4,132.38,132.43,132.42,132.39,10.35,35.35,1026.23,6.71,nan,0
1/11/2026 20:26,132.33,132.3,132.78,132.42,132.5,132.46,9.98,35.77,1026.34,6.66,nan,0
1/11/2026 20:41,132.98,133,133.02,133,133.12,133.02,9.66,37.05,1026.73,6.6,nan,0
1/11/2026 20:56,133,133.08,133.08,133.1,133.2,133.09,9.3,34.66,1026.76,6.54,nan,0
1/11/2026 21:11,133.19,132.83,133.2,133.2,133.31,133.15,8.87,35.58,1027.06,6.46,nan,0
1/11/2026 21:26,132.83,133.2,133.29,133.31,133.43,133.21,8.35,36.67,1027.19,6.38,nan,0
1/11/2026 21:41,133.31,133.65,133.67,133.31,133.79,133.54,8.02,36.82,1027.29,6.26,nan,0
1/11/2026 21:56,133.31,133.7,133.29,133.39,133.79,133.5,7.73,38.6,1027.51,6.08,nan,0
1/12/2026 9:05,134.68,134.76,134.35,136.43,135.61,135.17,6.31,45.1,1032.38,5.94,53,314
1/12/2026 9:20,135.21,135.21,134.92,135.26,134.82,135.08,9.23,37.39,1032.54,6.04,29.1,180
1/12/2026 9:35,133.43,133.91,133.46,134.01,125.76,132.11,14.53,31.09,1032.74,6.34,29.2,184
1/12/2026 9:50,133.75,133.36,133.77,133.87,133.44,133.64,17.74,27.4,1032.79,6.55,28.9,190
1/12/2026 10:05,134.25,133.7,132.95,134.25,133.79,133.79,18.86,24.4,1032.73,6.68,29,194
1/12/2026 10:20,133.87,134.25,133.91,133.98,133.89,133.98,20.03,24.15,1032.63,6.79,29.2,196
1/12/2026 10:35,134.63,133.77,134.15,134.75,134.61,134.38,19.59,23.38,1032.44,6.86,28.6,204
1/12/2026 10:50,133.94,133.38,133.92,134.59,134.04,133.98,20.4,23.21,1032.55,6.93,28.5,204
1/12/2026 11:05,131.8,132.6,132.33,132.23,132.96,132.38,21.25,23.89,1032.58,6.98,29.2,204
1/12/2026 11:20,133.72,133.67,133.63,133.75,134.2,133.79,22.84,23.2,1032.39,7.02,28.9,204
1/12/2026 11:35,133.07,133.17,133.17,132.47,132.45,132.86,22,23.62,1032.02,7.04,28.2,206
1/12/2026 11:50,133.17,132.72,132.79,124.59,132.81,131.22,21.69,25.15,1031.85,7.06,28.7,204
1/12/2026 12:05,133.79,133.87,131.78,133.07,139.26,134.35,23.75,22.86,1031.6,7.09,29.2,206
1/12/2026 12:20,132.21,132.96,133.48,132.3,131.93,132.58,22.94,23.63,1031.14,7.11,28.4,212
1/12/2026 12:35,132.11,132.12,132.93,132.84,133.32,132.67,22.88,24.77,1030.77,7.12,28.5,204
1/12/2026 12:50,131.63,132,130.75,132.04,132.02,131.69,23.08,24.2,1030.47,7.13,29.5,210
1/12/2026 13:05,131.66,133.27,132.83,132.79,133.27,132.77,23.63,23.55,1029.95,7.13,28.1,206
1/12/2026 13:20,132.43,132.45,131.61,131.27,131.9,131.93,26.03,20.53,1029.67,7.14,28.3,206
1/12/2026 13:35,131.71,131.59,132.4,132.4,132.4,132.1,24.7,23.23,1029.31,7.15,29.2,210
1/12/2026 13:50,132.57,132.38,131.97,131.4,132.66,132.2,23.89,22.66,1029.02,7.16,28.9,206
1/12/2026 14:05,132,132,132.45,132.43,132.47,132.27,25.32,23.2,1028.96,7.18,28.9,206
1/12/2026 14:20,131.13,131.83,131.75,132.19,133.08,132,25.55,23.06,1028.8,7.19,29.1,210
1/12/2026 14:35,133.02,132.26,132.57,132.57,133.12,132.71,25.89,20.36,1028.59,7.2,29.3,210
1/12/2026 14:50,138.5,125.35,132.14,133,132.93,132.38,25.16,22.34,1028.35,7.22,28.3,210
1/12/2026 15:05,133.41,132.16,132.09,131.73,131.8,132.24,24.11,21.38,1028.3,7.23,29,210
1/12/2026 15:20,132.18,132.55,132.52,132.16,132.54,132.39,23.42,22.11,1028.23,7.24,28.9,210
1/12/2026 15:35,132.62,132.47,132.55,132.36,131.93,132.39,22.37,23.8,1028.19,7.25,29,212
1/12/2026 15:50,132.19,132.19,132.57,132.62,125.07,130.93,21.13,25.8,1028.02,7.25,30,216
1/12/2026 16:05,133.03,132.69,132.3,132.76,132.84,132.72,20.22,24.49,1028.11,7.26,29.3,212
1/12/2026 16:21,132.38,132.38,132.35,132.36,132.79,132.45,18.06,26.77,1028.09,7.26,28.3,216
1/12/2026 16:36,132.86,132.84,132.93,132.48,132.52,132.73,15.98,28.5,1027.98,7.26,28.3,212
1/12/2026 16:51,132.62,133.44,132.98,132.98,133.1,133.03,14.35,29.71,1028.03,7.25,29.5,212
1/12/2026 17:06,133.19,133.12,133.1,132.69,133.22,133.06,12.66,31.01,1028.05,7.24,29.9,220
1/12/2026 17:21,132.88,132.9,132.88,132.88,132.96,132.9,10.97,32.95,1028.16,7.23,29.6,212
1/12/2026 17:36,132.93,133.32,133.22,133.38,132.96,133.16,9.49,35.64,1028.1,7.22,29.7,212
1/12/2026 17:51,124.65,124.66,124.99,125.09,125.09,124.9,8.33,34.9,1027.99,7.21,29.8,220
1/12/2026 18:06,133.27,124.78,124.75,133.75,125.18,128.35,7.45,36.05,1027.99,7.19,29.1,216
1/12/2026 18:21,125.35,133.94,133.82,133.86,133.86,132.16,6.7,36.59,1027.98,7.18,29.9,216
1/12/2026 18:36,124.56,133.96,133.87,133.92,133.48,131.96,6.1,37.37,1028.12,7.16,30.3,216
1/12/2026 18:51,124.63,124.63,133.58,134.15,125.54,128.5,5.64,38.74,1028.18,7.14,29.7,212
1/12/2026 19:06,125.14,134.18,125.13,124.7,124.68,126.77,5.2,40.32,1028.25,7.12,29.8,212
1/12/2026 19:21,125.23,123.99,124.8,124.42,124.8,124.65,4.81,40.93,1028.23,7.1,30,212
1/12/2026 19:36,125.25,124.85,125.59,124.42,124.01,124.82,4.51,41.54,1028.29,7.08,30.3,212
1/12/2026 19:51,124.42,124.8,125.14,125.69,124.8,124.97,4.37,42.22,1028.27,7.06,29.6,212
1/12/2026 20:06,124.85,126.16,125.21,134.2,134.2,128.92,4.27,42.73,1028.28,7.03,30.3,212
1/12/2026 20:21,125.32,124.53,124.42,124.51,125.33,124.82,4.06,43.47,1028.35,7.01,30.2,212
1/12/2026 20:36,134.42,134.4,134.42,134.51,124.99,132.55,3.88,44.58,1028.31,6.98,29.8,212
1/12/2026 20:51,134.4,134.39,134.39,134.51,134.37,134.41,3.71,46.93,1028.38,6.96,30.7,212
1/12/2026 21:06,134.99,134.97,135.09,134.99,134.95,135,3.41,46.7,1028.17,6.92,30.2,210
1/12/2026 21:21,135.06,135.06,135.18,135.11,134.64,135.01,2.99,46.75,1028.05,6.89,29.6,210
1/12/2026 21:36,135.19,135.16,135.3,135.18,134.75,135.11,2.59,47.26,1028.05,6.86,30.2,206
1/12/2026 21:51,135.66,135.59,135.69,136.05,136.02,135.8,2.2,47.84,1028.3,6.82,30.3,206
1/12/2026 22:06,135.31,135.3,135.85,135.28,135.3,135.41,1.8,48.79,1028.3,6.78,30.5,206
1/12/2026 22:21,135.33,135.79,135.9,135.76,135.78,135.71,1.47,49.67,1028.18,6.74,30,204
1/12/2026 22:36,135.86,135.4,135.95,135.42,135.42,135.61,1.2,49.8,1028.26,6.69,30.1,200
1/12/2026 22:51,135.88,135.88,135.55,135.9,135.45,135.73,0.95,49.96,1028.26,6.64,30.5,206
1/12/2026 23:06,135.07,135.07,135.64,135.47,135.52,135.35,0.74,50.85,1028.35,6.58,30.1,196
1/12/2026 23:21,135.52,135.52,135.64,135.5,135.52,135.54,0.58,51.57,1028.23,6.5,30.2,200
1/12/2026 23:36,135.5,135.52,135.66,135.55,135.95,135.64,0.38,51.3,1028.09,6.41,30.1,194
1/12/2026 23:52,135.55,135.55,136.1,135.55,135.19,135.59,0.23,51.84,1027.96,6.29,30.4,194
1/13/2026 0:07,135.64,135.66,135.31,135.19,135.18,135.4,0.17,54.7,1027.66,6.13,30.1,186
1/14/2026 9:15,133.19,133.58,133.67,133.75,133.68,133.57,12.08,45.83,1013.73,6,52.6,314
1/14/2026 9:30,133.86,132.98,133.02,133.56,133.15,133.31,15.91,37.86,1013.48,6.12,29.5,180
1/14/2026 9:45,133.94,133.92,134.3,134.03,139.7,135.18,15.03,36.41,1013.37,6.09,29.3,176
1/14/2026 10:00,134.22,133.75,132.95,133.05,133.07,133.41,14.53,37.69,1013.21,6.03,29.4,176
1/14/2026 10:15,132.84,132.86,132.83,133.22,132.95,132.94,14.39,38.03,1013.05,5.91,29.4,174
1/14/2026 11:20,131.99,132.48,132.42,132.42,131.97,132.25,17.6,31.23,1012.48,5.93,53.3,314
1/14/2026 12:45,131.76,132.02,132.02,132.02,131.61,131.89,16.87,30.5,1010.12,5.92,52.1,314
1/14/2026 13:00,131.92,131.81,131.85,131.37,131.83,131.76,17.86,30.23,1009.87,5.97,29.1,174
1/15/2026 9:05,133.43,133.39,133.41,133.43,133.44,133.42,9.28,54.78,1009.62,6,53.5,322
1/15/2026 9:20,133.62,133.62,133.24,133.27,133.72,133.49,9.56,46.57,1009.75,5.94,30.4,180
1/15/2026 9:35,133.12,133.15,133.51,133.65,133.24,133.33,11.02,43.91,1009.98,5.99,29.4,176
1/15/2026 9:50,132.88,132.88,132.84,133.24,132.52,132.87,16.59,34.72,1010.25,6.3,29.3,184
1/15/2026 10:05,133.31,132.9,133.36,132.86,133.31,133.15,20.08,28.08,1010.4,6.54,29.6,194
1/15/2026 10:20,132.45,132.88,133.02,132.98,133.02,132.87,20.22,26.96,1010.55,6.68,28.6,190
1/15/2026 10:35,133.34,133.8,132.9,132.98,132.54,133.11,20.83,26.21,1010.49,6.79,28.3,200
1/15/2026 10:50,132.47,131.57,132.3,132.3,133.2,132.37,21.65,24.11,1010.55,6.86,28.3,200
1/15/2026 11:05,132.93,134.2,138.81,133.48,137.99,135.48,21.71,24.89,1010.43,6.93,29.3,204
1/15/2026 11:20,132.69,133.03,132.66,133.22,132.06,132.73,21.51,23.81,1010.14,6.98,29,204
1/15/2026 11:35,133.05,132.5,132.62,133.48,134.51,133.23,22.61,22.84,1009.7,7.02,28.4,204
1/15/2026 11:50,132.9,133.36,133.34,131.9,132.88,132.87,21.94,23.53,1009.43,7.04,29.4,206
1/15/2026 12:05,132.62,132.6,132.95,132.43,138.98,133.92,21.97,23.39,1009.19,7.07,28.4,206
1/15/2026 12:20,132.91,133,131.92,141.92,132.42,134.43,21.49,24.06,1008.89,7.09,29.5,210
1/15/2026 12:35,131.56,132.23,131.88,132.69,131.81,132.03,21.97,22.17,1008.51,7.1,29.4,210
1/15/2026 12:50,132.98,131.78,132.24,132.67,132.67,132.47,22.17,22.12,1008.2,7.11,29.2,206
1/15/2026 13:05,132.93,133.67,134.11,133.24,133.32,133.45,22.55,21.6,1007.99,7.11,29.8,212
1/15/2026 13:20,132.31,133.2,132.67,132.67,132.78,132.73,22.01,22.08,1007.76,7.11,28.1,210
1/15/2026 13:35,132.48,132.64,133.03,133.31,132.59,132.81,22.05,21.6,1007.71,7.12,29.2,206
1/15/2026 13:50,132,132.02,133.29,132.83,132.48,132.52,22.81,20.23,1007.66,7.12,29,206
1/15/2026 14:05,131.73,133.53,132.09,132.64,132.71,132.54,22.92,20.87,1007.46,7.12,29.4,210
1/15/2026 14:20,131.66,132.04,132.78,132.93,132.47,132.37,22.45,20.41,1007.44,7.13,29.2,210
1/15/2026 14:35,133.62,133.15,133.14,123.77,133.12,131.36,22.48,20.11,1007.42,7.14,29.5,210
1/15/2026 14:50,132.84,123.22,131.54,132.31,132.3,130.44,21.92,20.13,1007.62,7.16,29,206
1/15/2026 15:05,132.78,133.03,132.48,133.6,133.24,133.03,22.95,19.46,1007.8,7.17,29.3,206
1/15/2026 15:20,132.69,132.23,133.05,133.03,133.12,132.82,22.82,19.06,1007.98,7.19,29.6,212
1/15/2026 15:35,133.14,133.41,132.78,133.62,133.31,133.25,22.88,18.52,1008.27,7.2,29,210
1/15/2026 15:50,133.12,132.69,133.41,132.23,133.26,132.94,23.53,19.36,1008.29,7.22,28.6,206
1/15/2026 16:05,133.43,132.59,133.07,137.73,137.3,134.82,23.79,18.08,1008.49,7.24,28.7,212
1/15/2026 16:21,136.96,132.69,132.64,132.62,139.48,134.88,23.23,18.38,1008.87,7.25,29,210
1/15/2026 16:36,132.84,133.67,133.31,133.77,133.48,133.41,21.42,18.97,1009.12,7.27,28.9,210
1/15/2026 16:51,134.42,133.98,133.62,133.7,133.7,133.88,20.14,19.35,1009.22,7.27,29.4,212
1/15/2026 17:06,136.17,134.01,134.1,133.2,133.08,134.11,12.9,25.91,1009.51,7.28,29.1,216
1/15/2026 17:21,141.8,139.89,134.51,136.74,136.27,137.84,9.7,29.97,1009.72,7.27,29.8,216
1/15/2026 17:36,133.98,133.96,133.98,134.97,134.42,134.26,7.93,33.32,1009.99,7.26,29.8,216
1/15/2026 17:51,136.45,136.45,136.12,136,136.46,136.29,6.79,36.65,1010.37,7.25,29.8,222
1/15/2026 18:06,133.89,133.5,134.27,133.5,134.23,133.88,6.15,35.63,1010.77,7.24,29,216
1/15/2026 18:21,135.3,136.15,134.95,134.83,134.4,135.13,5.76,35.8,1011.13,7.22,29.7,216
1/15/2026 18:36,134.87,134.85,134.08,134.52,133.98,134.46,5.43,35.87,1011.61,7.21,30.5,220
1/15/2026 18:51,135.23,133.87,133.87,133.99,133.96,134.19,5.25,34.78,1011.98,7.19,30.4,220
1/15/2026 19:06,134.06,134.52,134.06,134.58,134.95,134.44,5.03,35.12,1012.36,7.17,30,216
1/15/2026 19:21,134.56,138.9,137.2,136.74,135.55,136.59,4.74,34.52,1012.78,7.16,30,212
1/15/2026 19:36,134.01,133.99,133.17,134.2,135.9,134.25,4.5,35.56,1013.16,7.14,30.6,220
1/15/2026 19:51,136.84,136,135.64,135.55,138.54,136.51,4.24,33.89,1013.51,7.12,30,220
1/15/2026 20:06,139.53,140.82,139.16,139.07,139.55,139.63,3.93,35.96,1013.89,7.1,30,212
1/15/2026 20:21,140.61,133.84,132.91,134.16,136.89,135.68,3.71,35.59,1014.39,7.07,30.1,212
1/15/2026 20:36,139.29,133.68,135.54,134.59,134.54,135.53,3.47,35.71,1014.77,7.05,30.5,216
1/15/2026 20:51,136.69,135.76,135.04,133.14,135.85,135.29,3.29,35.01,1015.19,7.03,30.1,212
1/15/2026 21:06,139.65,140.49,137.11,139.22,135.76,138.45,3.07,37.56,1015.64,7,30.2,210
1/15/2026 21:21,136.03,135.23,135.28,136.41,139.33,136.46,2.78,35.59,1015.94,6.98,29.4,210
1/15/2026 21:36,134.44,138.76,135.79,136.69,135.88,136.31,2.5,36.35,1016.23,6.95,30.8,216
1/15/2026 21:51,137.35,135.97,135.55,140.22,135.24,136.87,2.23,36.28,1016.62,6.92,30.6,210
1/15/2026 22:06,131.47,134.27,133.91,136.55,135.09,134.26,1.95,37.17,1017.02,6.88,30.6,210
1/15/2026 22:21,140,139.53,135.74,139.55,139.48,138.86,1.58,37.87,1017.25,6.85,30.5,210
1/15/2026 22:36,139.82,139.4,139.84,140.29,140.27,139.92,1.16,38.7,1017.6,6.81,30.1,206
1/15/2026 22:51,136.86,136.48,136.46,136.84,137.42,136.81,0.89,39.09,1018.14,6.77,30.4,206
1/15/2026 23:06,136.75,136.31,136.75,137.59,139.31,137.34,0.8,37.77,1018.46,6.72,29.9,204
1/15/2026 23:21,136.29,135.88,138.4,138.4,140.12,137.82,0.74,37.32,1018.66,6.68,29.9,200
1/15/2026 23:36,136.87,135.98,140.68,136.43,137.32,137.46,0.51,39.42,1018.83,6.62,29.5,204
1/15/2026 23:52,134.56,133.65,143.67,142.52,143.79,139.64,0.25,38.77,1018.91,6.56,30.2,196
1/16/2026 0:07,135.35,137.46,139.17,136.27,135.47,136.74,0,41.62,1019.03,6.48,30.7,200
1/16/2026 0:22,138.07,140.61,137.17,136.26,134.97,137.42,-0.42,40.31,1018.98,6.38,30.1,194
1/16/2026 0:37,135.19,135.18,135.28,135.18,135.93,135.35,-0.79,42,1018.82,6.24,30.6,190
1/16/2026 0:52,138.52,140.22,140.68,136.91,136.43,138.55,-1.13,41.96,1018.89,6.06,29.9,186
1/17/2026 9:05,122.02,121.75,121.64,122.01,121.58,121.8,7.66,62.17,1023.3,5.9,53.3,314
1/17/2026 9:20,123.58,123.57,123.5,123.58,123.46,123.54,16.25,52.17,1023.74,6.22,29.5,184
1/17/2026 9:35,127,127.41,127.05,127.32,127.32,127.22,15.38,52.88,1023.79,6.25,28.3,184
1/17/2026 9:50,132.71,132.71,132.26,132.74,132.83,132.65,16.54,49.93,1023.99,6.28,28.2,186
1/17/2026 10:05,133.31,132.95,133.77,133.46,133.51,133.4,17.78,47.63,1023.93,6.32,29.3,186
1/17/2026 10:20,133.1,133.46,133.08,133.46,132.74,133.17,22.52,38.09,1023.86,6.46,28.7,186
1/17/2026 10:35,133.08,133.58,133.56,133.63,133.19,133.41,22.02,38.12,1023.83,6.5,28.5,190
1/17/2026 10:50,133.38,133.36,132.54,135.54,133.46,133.65,21.96,37.51,1023.59,6.56,29,190
1/17/2026 11:05,132.36,132.38,132.38,132.36,132.36,132.37,20.82,39.71,1023.56,6.58,28.5,190
1/17/2026 11:20,132.76,132.74,132.74,133.19,132.93,132.87,20.23,42.01,1023.42,6.58,29.2,194
1/17/2026 11:35,133.19,132.76,132.35,133.19,132.84,132.86,20.28,41.89,1023.27,6.58,28.4,194
1/17/2026 11:50,132.55,132.52,132.54,132.62,132.83,132.61,21.03,40.77,1023.18,6.6,29.4,194
1/17/2026 12:05,132.66,132.23,132.19,132.66,132.24,132.39,20.89,42.33,1022.84,6.62,28.9,190
1/17/2026 12:20,133.1,132.67,132.62,132.62,132.74,132.75,20.69,43.36,1022.48,6.62,29.1,194
1/17/2026 12:35,132.48,133.29,133.31,133.39,133.05,133.1,22.88,39.23,1022.28,6.66,28.9,194
1/17/2026 12:50,136.57,132.83,132.38,133.82,132.12,133.54,23.48,38,1021.82,6.68,28.7,190
1/17/2026 13:05,137.13,136.7,132.83,137.68,131.47,135.16,25.19,35,1021.65,6.7,29.2,196
1/17/2026 13:20,136.81,131.9,132.35,132.45,137.65,134.23,24.02,36.9,1021.42,6.72,29,194
1/17/2026 13:35,131.78,131.78,131.81,137.2,138.11,134.14,25.12,35.54,1021.06,6.74,29,200
1/17/2026 13:50,130.94,131.71,136.67,130.82,131.66,132.36,24.55,36.46,1021.07,6.76,28.9,196
1/17/2026 14:05,130.32,137.42,131.11,135.24,132.64,133.35,29.08,29.96,1020.84,6.78,28.4,194
1/17/2026 14:20,135.31,135.31,136.26,135.78,135.78,135.69,28.37,28.88,1020.67,6.79,28.6,194
1/17/2026 14:35,131.28,131.18,131.21,130.84,131.21,131.15,27.24,30.1,1020.51,6.81,28.4,196
1/17/2026 14:50,136.58,136.12,136.22,136.63,139.17,136.95,24.93,33.95,1020.3,6.82,29,196
1/17/2026 15:05,137.92,136.57,136.58,136.58,136.12,136.75,23.66,35.25,1020.48,6.82,28.6,194
1/17/2026 15:20,137.53,138.42,137.53,136.7,137.22,137.48,22.39,35.64,1020.47,6.8,29.2,200
1/17/2026 15:35,137.56,137.53,138.38,139.7,138.9,138.41,21.69,36.58,1020.4,6.79,28.9,196
1/17/2026 15:50,132.67,131.4,130.51,139.45,136.74,134.15,20.48,36.15,1020.57,6.77,28.9,196
1/17/2026 16:05,136,136.74,139.41,132.24,131.42,135.16,20.29,37.14,1020.37,6.75,28.6,196
1/17/2026 16:21,136.39,136.03,137.3,131.44,141.64,136.56,19.75,36.12,1020.4,6.71,28.7,196
1/17/2026 16:36,139.96,139.57,138.71,140.42,139.14,139.56,19.14,38.5,1020.44,6.68,28.4,196
1/17/2026 16:51,141.86,135.93,134.54,134.44,134.47,136.25,18.38,40.33,1020.44,6.62,29,194
1/17/2026 17:06,139.72,139.72,140.18,138.9,139.82,139.67,17.79,43.89,1020.37,6.57,29.3,194
1/17/2026 17:21,137.75,140.48,134.15,139.55,142.19,138.82,17.3,45.17,1020.37,6.5,29.1,190
1/17/2026 17:36,136.77,137.77,137.23,136.31,137.3,137.08,16.63,47.63,1020.49,6.42,29.5,190
1/17/2026 17:51,136.1,136.09,142.21,138.69,135.62,137.74,16.12,48.73,1020.42,6.31,29.1,184
1/17/2026 18:06,135.64,136.99,136.22,140.97,139.17,137.8,15.49,51.33,1020.4,6.17,29.4,180
1/17/2026 18:21,135.91,135.43,136.41,136.38,135.45,135.92,14.79,49.24,1020.35,5.96,29.5,176
1/21/2026 8:55,139.14,139.14,139.14,138.88,139.17,139.09,5.52,55.66,1033.76,5.93,52.9,314
1/21/2026 9:10,139.04,138.67,139.02,138.11,138.54,138.67,8.55,55.66,1033.98,6.06,30,180
1/21/2026 9:25,133.99,133.62,133.63,133.7,133.7,133.73,13.93,52.32,1034.08,6.28,29.5,186
1/21/2026 9:40,130.27,129.84,130.25,129.84,129.83,130.01,19.55,43.04,1034.17,6.51,29.6,194
1/21/2026 9:55,126.93,126.82,126.93,126.82,126.91,126.88,22.97,32.48,1034.07,6.66,29.1,194
1/21/2026 10:10,123.43,123.07,123.51,123.51,123.57,123.42,21.98,31.69,1034.19,6.74,28.9,194
1/21/2026 10:25,120.72,120.7,120.72,120.74,120.72,120.72,22.44,30.3,1034.03,6.8,28.4,196
1/21/2026 10:40,117.79,117.8,117.48,117.8,117.43,117.66,21.85,30.14,1033.95,6.84,29.6,204
1/21/2026 10:55,115.25,115.25,115.25,115.25,115.35,115.27,22.14,32.13,1033.87,6.87,28.6,196
1/21/2026 11:10,113.04,113.12,113.16,113.02,113.02,113.07,20.83,32.35,1033.76,6.89,29.1,200
1/21/2026 11:25,111.13,111.23,111.22,111.23,111.23,111.21,20.94,32.17,1033.46,6.92,28.2,204
1/21/2026 11:40,109.98,110,110,109.42,109.45,109.77,22.74,30.65,1033.16,6.94,29.5,204
1/21/2026 11:55,109.52,109.54,109.55,109.43,109.43,109.5,23.37,30.65,1032.8,6.96,29.1,204
1/21/2026 12:10,111.03,111.1,111.03,111.01,111.03,111.04,25.75,28.36,1032.52,7,28.1,206
1/21/2026 12:25,113.64,113.52,113.5,113.5,113.5,113.53,25.68,28.75,1032.3,7.02,29.3,206
1/21/2026 12:40,118.44,118.42,118.46,118.35,118.34,118.4,26.4,28.17,1031.89,7.03,29,200
1/21/2026 12:55,123.53,123.51,125.06,125.04,124.32,124.29,25.27,28.71,1031.47,7.04,28.2,204
1/21/2026 13:10,131.64,131.56,131.52,131.54,131.56,131.56,26.33,29.12,1031.2,7.05,27.9,204
1/21/2026 13:25,133.68,133.51,136.19,136.96,123.6,132.79,26.41,29.94,1031.04,7.06,28.8,204
1/21/2026 13:40,134.64,134.63,134.52,134.63,136.26,134.94,25.58,30.33,1030.46,7.07,28.8,204
1/21/2026 13:55,136.19,137.73,135.4,135.76,138.25,136.66,25.24,31.63,1030.13,7.08,28.6,206
1/21/2026 14:10,135.61,134.37,138.18,138.04,122.5,133.74,25.6,31.44,1029.81,7.09,28.8,204
1/21/2026 14:25,135,135.38,138.79,135.38,138.25,136.56,24.56,33.07,1029.69,7.1,28.5,204
1/21/2026 14:40,124.42,135.18,135.12,135.14,136.82,133.34,26.75,30.95,1029.57,7.1,29,206
1/21/2026 14:55,133.43,134.22,133.87,134.04,134.08,133.93,27.9,29.77,1029.3,7.12,29,206
1/21/2026 15:10,134.44,134.01,134.01,134.56,134.01,134.21,25.7,31.29,1029.23,7.12,28.6,204
1/21/2026 15:25,134.59,134.59,134.94,135.06,134.58,134.75,21.53,36.77,1029.16,7.12,29.2,206
1/21/2026 15:40,135.95,135.95,135.62,135.5,135.06,135.62,19.63,40.37,1028.99,7.12,29.4,210
1/21/2026 15:55,135.21,136.45,134.92,135.18,135.18,135.39,18.42,42.71,1028.67,7.12,29.8,212
1/21/2026 16:11,135.19,135.19,135.31,135.19,135.66,135.31,17.5,45.25,1028.78,7.1,29.6,210
1/21/2026 16:26,137.01,135.78,136.26,136.6,136.17,136.36,16.33,47.97,1028.7,7.09,28.9,210
1/21/2026 16:41,135.55,136.81,137.71,135.98,136.43,136.5,15.37,48.9,1028.49,7.08,29.7,210
1/21/2026 16:56,137.18,137.17,137.17,137.17,138.11,137.36,14.57,49.27,1028.47,7.06,29.7,210
1/21/2026 17:11,135.66,136.5,136.22,135.66,136.12,136.03,13.86,50.78,1028.33,7.04,29.4,206
1/21/2026 17:26,138.23,138.23,138.64,138.66,138.67,138.49,13.17,53.2,1028.12,7.01,29.1,210
1/21/2026 17:41,137.85,138.66,137.83,136.58,137.85,137.76,12.62,51.63,1028.26,6.99,28.9,210
1/21/2026 17:56,136.34,137.61,136.81,136.38,136.43,136.71,12.08,52.79,1028.15,6.96,30.1,210
1/21/2026 18:11,136.81,137.27,137.25,137.27,137.82,137.28,11.71,56.37,1028.02,6.94,29.6,204
1/21/2026 18:26,138.28,138.66,138.64,138.66,138.66,138.58,11.39,53.52,1028.15,6.91,29.3,204
1/21/2026 18:41,138.74,139.12,138.76,139.12,138.74,138.9,11.01,53.5,1028.29,6.88,29.8,204
1/21/2026 18:56,139.12,138.74,138.67,138.28,138.74,138.71,10.68,54.27,1028.1,6.84,29.7,204
1/21/2026 19:11,138.23,138.61,138.59,138.66,139.04,138.62,10.49,55.05,1028.06,6.8,29.5,206
1/21/2026 19:26,138.79,138.74,138.73,138.74,137.89,138.58,10.32,55.55,1027.93,6.76,29.6,200
1/21/2026 19:41,138.86,138.85,138.86,138.86,138.81,138.85,10.18,55.24,1027.9,6.72,28.5,200
1/21/2026 19:56,138.42,138.42,138.86,139.24,139.22,138.83,9.99,55.87,1028,6.67,29.6,196
1/21/2026 20:11,137.65,137.65,137.65,137.68,137.7,137.66,9.83,56.02,1027.97,6.62,29.5,196
1/21/2026 20:26,138.54,138.98,138.52,138.5,138.52,138.61,9.59,56.57,1027.96,6.54,29.9,196
1/21/2026 20:41,138.98,138.98,139,139.02,139.46,139.09,9.39,57.19,1027.89,6.46,29.3,190
1/21/2026 20:56,138.62,139.02,138.62,139,139,138.85,9.19,57.6,1027.98,6.4,29.8,190
1/21/2026 21:11,138.55,139,138.54,138.92,138.54,138.71,8.97,60.3,1028.02,6.26,29.5,184
1/21/2026 21:26,138.64,138.64,138.23,138.64,138.25,138.48,8.73,59.29,1027.89,6.1,29.2,184
1/22/2026 9:05,137.29,135.91,136.38,131.47,131.45,134.5,14.48,65.88,1025.38,5.92,52.6,308
1/22/2026 9:20,135.06,135.93,135.61,135.49,135.47,135.51,18.95,57.89,1025.34,6.1,29.4,180
1/22/2026 9:35,130.32,138.78,135.62,131.21,134.66,134.12,23.87,47.08,1025.3,6.32,29.2,184
1/22/2026 9:50,127.12,130.55,129.67,129.69,129.67,129.34,28.78,34.82,1025.34,6.53,28.8,186
1/22/2026 10:05,129.98,129.98,130,130.44,129.57,129.99,31.19,31.32,1025.37,6.66,28.5,190
1/22/2026 10:20,128.42,128.4,128.35,128.32,127.89,128.28,32.52,28.91,1025.26,6.77,28.5,194
1/22/2026 10:35,125.13,125.13,125.45,125.66,125.2,125.31,33.39,26.94,1025.11,6.85,28.2,194
1/22/2026 10:50,123.03,122.95,122.57,123,123.1,122.93,34.22,26.02,1024.99,6.92,28.5,200
1/22/2026 11:05,119.19,119.64,119.19,119.66,119.67,119.47,34.96,25.83,1024.73,6.96,27.8,196
1/22/2026 11:20,117.43,117.43,117.41,117.43,117.32,117.4,35.06,23.54,1024.53,7,28.6,200
1/22/2026 11:35,115.42,115.33,115.32,115.33,115.42,115.36,35.62,23.32,1024.26,7.04,28.6,204
1/22/2026 11:50,114.03,113.93,113.65,114,113.64,113.85,35.72,22.86,1023.89,7.06,28.3,200
1/22/2026 12:05,112.18,111.73,112.52,112.54,112.44,112.28,35.86,23.54,1023.64,7.08,29,204
1/22/2026 12:20,112.33,112.33,112.35,111.97,112.54,112.31,36.06,21.72,1023.25,7.1,28,204
1/22/2026 12:35,113.69,113.69,113.65,113.69,113.67,113.68,36.01,22.24,1023.11,7.11,29.2,206
1/22/2026 12:50,116.53,116.48,116.55,116.38,116.4,116.47,35.9,21.81,1022.86,7.11,28.7,204
1/22/2026 13:05,120.07,120.05,120.05,120.05,120.48,120.14,35.85,22.19,1022.66,7.12,28.6,206
1/22/2026 13:20,127.08,127.17,127.01,126.45,126.72,126.89,35.74,22.2,1022.34,7.12,28.4,204
1/22/2026 13:35,133.26,133.24,131.47,133.24,133.34,132.91,35.7,22.1,1022,7.12,28,200
1/22/2026 13:50,135.06,129.59,131.66,135.43,135.14,133.38,36.13,22.27,1021.78,7.12,29.2,206
1/22/2026 14:05,132.23,135.91,130.96,135.45,132.42,133.39,36.96,21.08,1021.57,7.12,28.5,204
1/22/2026 14:20,137.8,136.96,136.6,137.08,135.85,136.86,36.85,19.67,1021.58,7.13,28.6,204
1/22/2026 14:35,134.75,135.81,135.49,136.27,135.38,135.54,37.09,19.02,1021.57,7.14,29,206
1/22/2026 14:50,136.34,135.98,137.34,136.79,136.79,136.65,37.04,18.6,1021.42,7.16,27.9,206
1/22/2026 15:05,136.98,135.62,135.76,136.14,136.63,136.23,37.09,18.94,1021.23,7.17,28.2,206
1/22/2026 15:20,136.31,135.9,122.33,136.87,136.53,133.59,37.52,19.15,1021.24,7.18,28.5,210
1/22/2026 15:35,134.37,136,135.11,134.76,138.13,135.67,37.89,18.35,1021.31,7.2,29,210
1/22/2026 15:50,135.85,136.29,136.39,136.27,136.82,136.33,37.87,18.73,1021.22,7.21,28.5,210
1/22/2026 16:05,135.26,135.35,133.48,136.33,135.5,135.18,36.96,22.17,1021.02,7.23,27.9,210
1/22/2026 16:21,137.25,134.01,137.25,136.34,137.17,136.4,36.4,23.39,1021.14,7.24,28.3,204
1/22/2026 16:36,134.97,134.52,135.86,134.25,134.59,134.84,35.07,24.98,1021.24,7.25,28.3,206
1/22/2026 16:51,139.46,139.02,139.02,131.15,133.8,136.49,33.43,27.04,1021.34,7.26,28.8,210
1/22/2026 17:06,135.83,136.24,135.9,136.24,136.24,136.09,27.73,31.11,1021.3,7.26,28.8,210
1/22/2026 17:21,135.64,135.61,137.01,136.91,137.35,136.5,23.39,33.17,1021.39,7.26,28.6,206
1/22/2026 17:36,136.27,136.26,136.36,136.26,137.1,136.45,20.27,35.59,1021.72,7.26,28.9,210
1/22/2026 17:51,140.32,139.5,139.5,139.48,140.36,139.83,18.18,38.8,1021.86,7.25,29.4,212
1/22/2026 18:06,135.66,135.66,135.76,135.64,135.26,135.59,16.27,39.81,1022.14,7.24,29.1,212
1/22/2026 18:21,130.32,129.04,129.04,129.05,129.04,129.3,14.92,41.25,1022.26,7.22,29.7,216
1/22/2026 18:36,129.36,129.35,129.36,129.36,129.35,129.36,13.78,42.63,1022.32,7.21,29.7,212
1/22/2026 18:51,129.47,129.02,129.48,128.66,129.09,129.14,12.85,50.71,1022.47,7.2,29.6,212
1/22/2026 19:06,129.41,129.38,128.93,129.36,129.38,129.29,12.33,47.18,1022.49,7.18,29.6,212
1/22/2026 19:21,129.33,129.29,129.28,128.9,129.29,129.22,11.9,48.49,1022.56,7.16,30,216
1/22/2026 19:36,129.65,129.64,130.1,129.64,130.1,129.83,11.76,55.3,1022.72,7.14,29.2,216
1/22/2026 19:51,129.19,129.64,129.64,129.64,136.79,130.98,11.79,58.04,1022.92,7.12,29.3,212
1/22/2026 20:06,135.52,135.5,136.07,131.01,129.31,133.48,11.61,53.45,1023.03,7.11,30,216
1/22/2026 20:21,135.19,135.18,136.1,136.45,130.12,134.61,11.52,56.72,1022.93,7.08,29.3,206
1/22/2026 20:36,135.64,135.18,135.73,135.64,135.61,135.56,11.49,55.83,1022.85,7.06,28.7,210
1/22/2026 20:51,136.19,136.19,136.29,136.62,136.19,136.29,11.24,55.71,1022.83,7.04,29,212
1/22/2026 21:06,136.31,136.29,136.41,135.86,135.83,136.14,10.79,55.09,1023.01,7.02,29.5,216
1/22/2026 21:21,135.83,136.19,136.29,135.81,135.81,135.99,10.65,58.6,1023.1,6.99,29.1,210
1/22/2026 21:36,136.31,136.33,136.43,137.22,136.77,136.61,10.51,58.27,1023.02,6.96,29.3,206
1/22/2026 21:51,137.08,136.65,136.22,136.65,143.61,138.04,10.44,58.44,1022.9,6.94,29.8,206
1/22/2026 22:06,136.41,136.43,136.39,136.41,135.95,136.32,10.29,59.73,1022.75,6.9,29.7,206
1/22/2026 22:21,136.69,136.7,136.69,136.24,136.24,136.51,10.11,62.23,1022.97,6.88,29.2,204
1/22/2026 22:36,130.61,131.03,130.51,131.35,130.07,130.71,9.95,60.51,1022.99,6.84,29.3,204
1/22/2026 22:51,130.19,130.22,130.2,130.19,129.76,130.11,9.76,61.08,1023.18,6.8,29.7,204
1/22/2026 23:06,129.77,129.84,129.4,129.4,129.41,129.56,9.77,61.27,1023.12,6.75,30,204
1/22/2026 23:21,128.95,128.95,128.97,128.97,128.93,128.95,9.62,60.84,1022.89,6.7,29.5,196
1/22/2026 23:36,127.58,127.97,127.96,127.96,127.84,127.86,9.26,65.68,1023.3,6.67,29.6,196
1/22/2026 23:52,126.88,127.3,127.3,127.2,126.77,127.09,9.02,62.45,1023.07,6.62,29,196
1/23/2026 0:07,127.51,127.49,127.51,127.53,127.41,127.49,8.74,62.78,1023.09,6.56,29.8,196
1/23/2026 0:22,129,129,129,129.02,129,129.01,8.63,64.89,1023.02,6.48,29.6,194
1/23/2026 0:37,131.33,131.3,131.32,132.09,131.69,131.55,8.78,66.31,1022.62,6.4,28.9,184
1/23/2026 0:52,136.38,136.38,136.5,136.43,136.41,136.42,9.46,65.19,1022.4,6.27,28.8,180
1/23/2026 1:07,137.49,137.53,137.51,137.51,137.58,137.52,9.96,67.58,1022.6,6.11,29,176
1/24/2026 10:00,138.07,135.73,135.5,139.07,135.57,136.79,13.82,36.57,1029.28,5.92,52.9,314
1/24/2026 10:15,134.75,134.28,134.73,131.01,135.54,134.06,13.69,36.46,1029.49,5.92,29.5,176
1/24/2026 10:30,136.58,138.92,138.85,138.85,138.93,138.42,14.28,37.43,1029.52,5.95,29.8,176
1/24/2026 10:45,138.74,136.02,138.28,138.73,135.64,137.48,14.82,39.15,1029.78,6.02,29.3,176
1/24/2026 11:00,136.46,135.64,135.3,135.19,136.03,135.73,15.27,38.52,1030.02,6.07,29.3,176
1/24/2026 11:15,139.52,138.21,134.68,138.28,135.57,137.25,15.86,38.73,1029.78,6.15,28.9,180
1/24/2026 11:30,133.86,134.22,133.94,134.03,133.87,133.98,16.49,37.47,1029.6,6.23,28.6,184
1/24/2026 11:45,129.89,129.89,129.95,129.91,129.93,129.91,18.19,37.2,1029.43,6.36,28.9,190
1/24/2026 12:00,126.74,126.36,126.31,126.19,126.29,126.38,16.18,39.41,1029.21,6.37,29.4,186
1/24/2026 12:15,123.12,122.66,123.1,123.12,122.67,122.93,16.2,40.49,1028.97,6.4,29.2,190
1/24/2026 12:30,119.86,120.39,119.95,119.93,119.67,119.96,16.25,41.12,1028.63,6.43,29.1,186
1/24/2026 12:45,116.74,116.72,116.62,116.81,116.6,116.7,15.81,42.1,1028.78,6.45,29.7,190
1/24/2026 13:00,113.88,113.76,113.76,113.74,113.79,113.78,14.35,46.53,1028.46,6.42,29.1,186
1/24/2026 13:15,111.27,110.87,110.79,111.15,110.89,110.99,14.28,45.33,1028.12,6.41,29.4,190
1/24/2026 13:30,108.92,108.92,108.94,108.82,109.01,108.92,13.6,46.89,1028.12,6.39,29.8,190
1/24/2026 13:45,107.2,106.76,107.1,107.03,107.2,107.06,12.78,49.93,1027.82,6.34,30,190
1/24/2026 14:00,106.33,106.24,106.35,106.35,105.97,106.25,11.9,51.31,1028.01,6.28,29.6,184
1/24/2026 14:15,105.58,105.97,105.54,105.61,105.61,105.66,11.41,52.38,1028.19,6.19,29.9,184
1/24/2026 14:30,106.54,106.52,106.52,106.54,106.55,106.53,10.98,53.63,1028.17,6.07,29.8,180
1/24/2026 14:45,108.8,108.77,108.8,108.66,108.8,108.77,10.53,54.67,1028.4,5.92,29.5,176
2/1/2026 8:20,116.88,116.93,116.98,116.72,116.52,116.81,-2.23,57.71,1021.53,5.92,52.6,312
2/1/2026 8:35,114.18,114.56,114.22,114.22,114.2,114.28,-1,50.37,1021.88,5.98,30.4,180
2/1/2026 8:50,111.37,111.37,111.39,111.39,111.48,111.4,1.91,43.51,1021.8,6.1,29.6,184
2/1/2026 9:05,108.82,109.18,108.78,108.66,109.21,108.93,3.88,37.6,1021.96,6.26,30,186
2/1/2026 9:20,106.24,106.24,106.35,106.24,106.24,106.26,5.18,35.26,1022.15,6.4,30.2,194
2/1/2026 9:35,104.51,104.63,104.7,104.62,104.7,104.63,8.52,29.46,1022.33,6.56,29.8,196
2/1/2026 9:50,104.13,104.13,104.13,104.24,104.12,104.15,8.49,28.79,1022.31,6.71,29.4,196
2/1/2026 10:05,104.98,105.06,104.98,104.8,104.86,104.93,10.18,27.06,1022.26,6.82,29.6,204
2/1/2026 10:20,107.29,107.41,107.27,107.77,107.41,107.43,10.97,26.26,1022.28,6.92,28.6,206
2/1/2026 10:35,110.93,111.01,110.58,111.01,110.58,110.82,12.13,26.69,1022.37,7,29.5,206
2/1/2026 10:50,115.16,115.61,115.61,115.32,115.35,115.41,12.19,25.04,1022.45,7.06,29.4,206
2/1/2026 11:05,119.98,120.03,120.46,120.46,120.46,120.28,11.92,27.06,1022.48,7.11,29.2,210
2/1/2026 11:20,126.82,126.88,126.93,126.81,126.81,126.85,11.2,25.88,1022.24,7.14,29.4,212
2/1/2026 11:35,134.16,134.35,134.23,134.27,128.4,133.08,11.54,24.92,1022.09,7.17,29.4,212
2/1/2026 11:50,136.5,136.96,136.94,137.35,139.96,137.54,11.98,28.38,1021.88,7.2,29.8,212
2/1/2026 12:05,124.94,125.88,126.6,125.4,125.78,125.72,12.28,26.46,1021.64,7.22,29.7,212
2/1/2026 12:20,124.66,135.43,124.56,124.58,125.5,126.95,12.35,24.12,1021.43,7.23,29.5,212
2/1/2026 12:35,137.17,135.28,137.1,137.92,137.18,136.93,13.26,22.68,1021.24,7.24,29.7,216
2/1/2026 12:50,137.11,138.9,141.16,141.09,141.16,139.89,12.97,23,1021.06,7.25,29.1,220
2/1/2026 13:05,130.32,130.75,130.67,140.61,140.9,134.65,13.24,23.1,1020.93,7.25,29.5,212
2/1/2026 13:20,132.4,127.96,126.24,135.83,135.93,131.67,13.59,25.38,1020.66,7.25,29.4,212
2/1/2026 13:35,135.66,133.22,123.99,134.58,135.85,132.66,13.73,22.68,1020.54,7.26,29.2,212
2/1/2026 13:50,135.97,134.61,135.16,135.06,135,135.16,14.18,24.21,1020.64,7.26,29.2,212
2/1/2026 14:05,135.12,135.02,125.11,135.57,136.58,133.48,14.7,23.61,1020.63,7.26,30,220
2/1/2026 14:20,135.91,123.7,136.26,136.63,136.38,133.78,15.01,21.48,1020.87,7.27,28.8,216
2/1/2026 14:35,134.71,135.12,124.27,126.62,136.5,131.44,15.48,21.91,1020.86,7.29,29.4,216
2/1/2026 14:50,135.24,136.24,135.81,137.23,137.44,136.39,16.15,21.67,1020.79,7.3,29.4,212
2/1/2026 15:05,136.39,135.23,135.31,134.78,134.76,135.3,17.71,19.61,1020.74,7.31,29,216
2/1/2026 15:20,135.83,136.21,136.14,135.28,123.94,133.48,17.99,19.62,1020.89,7.32,29.5,220
2/1/2026 15:36,135.21,135.64,134.88,134.39,134.78,134.98,18.54,18.92,1020.91,7.33,29.3,216
2/1/2026 15:51,135.02,135.02,123.91,135.09,135.55,132.92,19.24,19.06,1021.07,7.35,28.5,216
2/1/2026 16:06,134.18,135.09,134.66,135.55,134.18,134.73,19.95,17.77,1021.01,7.36,29.1,216
2/1/2026 16:21,135.24,134.8,135,134.88,134.49,134.88,19.42,17.77,1020.94,7.38,29.4,216
2/1/2026 16:36,134.94,135.36,134.56,136.1,134.9,135.17,19.77,17.31,1021.21,7.38,28.9,222
2/1/2026 16:51,134.06,134.51,134.51,134.61,134.13,134.36,16.36,19.59,1021.42,7.4,29.1,216
2/1/2026 17:06,134.59,134.63,134.61,134.28,134.16,134.46,12.46,23.47,1021.54,7.4,29.7,222
2/1/2026 17:21,134.61,134.64,135.04,134.71,134.64,134.73,7.95,27.7,1021.71,7.4,29.8,220
2/1/2026 17:36,135.19,135.21,135.31,134.78,135.24,135.15,5.69,31.29,1021.76,7.4,30.1,222
2/1/2026 17:51,135.35,134.9,135.45,134.9,134.87,135.09,3.73,34.7,1022.3,7.4,30,222
2/1/2026 18:06,135.43,135.9,135.52,135.47,135.91,135.65,2.51,37.56,1022.45,7.39,30,222
2/1/2026 18:21,135.83,135.88,136,135.81,135.85,135.87,1.7,39.31,1022.74,7.38,29.5,222
2/1/2026 18:36,136.03,136.02,136.1,136.03,136.03,136.04,1.05,40.45,1023.06,7.37,30.3,222
2/1/2026 18:51,136.15,136.6,136.6,136.15,136.17,136.34,0.51,41.7,1023.11,7.36,30.3,230
2/1/2026 19:06,131.87,136.15,136.17,135.78,135.79,135.15,0.06,43.46,1023.32,7.35,30,222
2/1/2026 19:21,136.22,136.34,136.81,136.82,136.41,136.52,-0.24,44.18,1023.37,7.34,30.1,226
2/1/2026 19:36,135.98,136.05,136.1,136,135.98,136.02,-0.49,43.79,1023.43,7.32,29.7,226
2/1/2026 19:51,135.38,135.38,135.54,135.47,135.47,135.45,-0.87,42.67,1023.5,7.31,30.4,222
2/1/2026 20:06,131.06,130.97,131.03,131.04,131.06,131.03,-1.38,44.85,1023.82,7.3,30.5,222
2/1/2026 20:21,127.8,127.34,127.8,127.8,127.7,127.69,-1.73,45.77,1023.67,7.29,30.8,226
2/1/2026 20:36,124.37,124.73,124.35,124.71,124.34,124.5,-1.97,44.6,1023.9,7.27,30.9,226
2/1/2026 20:51,122.06,122.04,122.01,121.99,122.04,122.03,-2.45,44.64,1024.08,7.26,30.9,222
2/1/2026 21:06,119.33,119.31,118.95,119.33,119.42,119.27,-2.85,46.07,1024.07,7.24,30.7,222
2/1/2026 21:21,116.86,116.91,116.89,117.03,116.89,116.92,-3.16,47.21,1024.43,7.23,31,226
2/1/2026 21:36,114.8,114.75,114.82,114.78,114.84,114.8,-3.32,49.19,1024.54,7.21,31,222
2/1/2026 21:51,112.9,112.98,112.9,112.86,112.86,112.9,-3.24,52.13,1024.71,7.2,31,222
2/1/2026 22:06,112.21,111.77,111.77,111.77,111.75,111.85,-2.64,52.13,1024.83,7.18,30.3,220
2/1/2026 22:21,113.02,113.02,112.93,112.92,112.92,112.96,-2.15,51.68,1024.96,7.16,30,220
2/1/2026 22:36,116.57,116.21,116.28,116.72,116.29,116.41,-1.9,50.84,1024.97,7.14,30.3,216
2/1/2026 22:51,122.09,122.09,122.07,122.01,122.09,122.07,-1.73,50.98,1024.96,7.11,30.8,220
2/1/2026 23:07,129.12,129.11,129.09,129.11,129.12,129.11,-1.63,50.69,1024.94,7.1,29.9,216
2/1/2026 23:22,132.14,132.14,132.54,132.52,131.8,132.23,-1.71,50.51,1024.85,7.07,30.7,216
2/1/2026 23:37,131.78,131.8,137.71,132.79,132.35,133.29,-1.84,51.28,1024.88,7.05,30.6,216
2/1/2026 23:52,131.88,131.95,132.35,132.38,132.33,132.18,-2,50.44,1024.81,7.02,31.1,220
2/2/2026 0:07,136.69,132.9,132.54,132.98,132.09,133.44,-2.27,51.38,1024.76,7,30.7,216
2/2/2026 0:22,131.93,132.4,131.93,132.35,132.38,132.2,-2.51,53.19,1024.76,6.97,30.6,212
2/2/2026 0:37,133.43,131.73,131.69,131.71,131.71,132.06,-2.6,53.58,1024.85,6.94,30.8,212
2/2/2026 0:52,140.44,132,133.29,138.83,133.55,135.62,-2.55,53.16,1024.82,6.91,31.3,216
2/2/2026 1:07,133.6,132.72,133.56,134.56,133.31,133.55,-2.55,53.43,1024.76,6.88,30.8,212
2/2/2026 1:22,137.95,134.1,137.08,134.92,133.67,135.54,-2.7,54.86,1024.84,6.84,30.8,210
2/2/2026 1:37,132.78,134.03,131.93,133.39,135.21,133.47,-2.85,56.43,1025.02,6.8,30.4,206
2/2/2026 1:52,133.7,136.31,136.41,136.72,136.27,135.88,-2.93,54.61,1025.18,6.76,30.2,206
2/2/2026 2:07,141.74,138.83,142.09,141.3,135.42,139.88,-2.91,55,1025.16,6.71,31,206
2/2/2026 2:22,133.77,136.74,141.93,133.38,141.81,137.53,-2.94,55.07,1025.25,6.66,31.1,206
2/2/2026 2:37,141.66,134.58,134.94,134.47,133.65,135.86,-3.04,56.44,1025.29,6.6,30.8,204
2/2/2026 2:52,133.22,133.67,133.22,133.32,143.03,135.29,-3.06,56.16,1025.48,6.53,31.1,204
2/2/2026 3:07,133.84,133.82,133.39,133.5,133.07,133.52,-3.27,56.14,1025.57,6.44,30.6,196
2/2/2026 3:22,132.91,132.9,133.77,133.86,141.83,135.05,-3.42,57.49,1025.65,6.33,30.9,196
2/2/2026 3:37,135.07,142.84,134.7,133.43,133.82,135.97,-3.53,59.71,1025.72,6.19,30.9,194
2/2/2026 3:52,132.16,132.14,132.55,132.54,133.08,132.49,-3.68,59.02,1025.78,5.97,30.8,186
2/4/2026 11:40,103.38,103.38,103.74,103.36,103.65,103.5,17.33,57.48,1022.18,5.92,51.9,318
2/4/2026 11:55,103.11,103.11,103.12,103.09,103.17,103.12,17.01,57.53,1021.93,5.9,28.8,174
2/7/2026 8:10,136.26,136.24,136.38,136.22,136.22,136.26,7.51,55.59,1018.04,5.91,52.8,312
2/7/2026 8:25,136.05,136.07,136.14,136.03,136.48,136.15,12.48,42.83,1018.29,6,29.5,176
2/7/2026 8:40,136.03,136.05,136.12,136.05,136.02,136.05,13.21,41.1,1018.59,6.03,29.6,176
2/7/2026 8:55,136.33,136.77,136.38,135.86,135.43,136.15,16.07,34.35,1018.92,6.16,29.2,180
2/7/2026 9:10,136.1,136.53,136.19,135.26,135.26,135.87,17.8,33.29,1018.9,6.3,28.4,186
2/7/2026 9:25,134.87,135.19,135.78,135.21,135.28,135.27,18.62,29.87,1019.2,6.44,29.5,190
2/7/2026 9:40,136.12,136.57,136.24,136.6,136.98,136.5,22.64,26.6,1019.39,6.59,28.5,186
2/7/2026 9:55,136.75,136.19,135.88,137.49,137.56,136.77,22.71,22.58,1019.6,6.71,29.1,196
2/7/2026 10:10,136.87,138.04,136.77,136.34,136.43,136.89,23.76,21.83,1019.6,6.82,29,200
2/7/2026 10:25,135.45,132.79,131.11,137.97,138.31,135.13,22.87,21.56,1019.49,6.9,28.6,196
2/7/2026 10:40,135.19,135.19,138.64,138.5,138.62,137.23,23.6,20.42,1019.59,6.98,28.4,206
2/7/2026 10:55,139,134.85,135.73,139,138.98,137.51,22.04,20.7,1019.78,7.03,28.4,200
2/7/2026 11:10,134.97,138.74,139.29,135.95,138.4,137.47,22.63,20.43,1019.66,7.08,28.8,206
2/7/2026 11:25,137.37,137.22,137.18,132.48,137.53,136.36,24.68,19.36,1019.56,7.11,28.5,204
2/7/2026 11:40,135.14,135.12,134.99,122.97,134.06,132.46,23.73,20.22,1019.59,7.14,29.4,210
2/7/2026 11:55,132.95,122.61,133.14,124.29,133.87,129.37,25.05,19.72,1019.53,7.16,28.3,204
2/7/2026 12:10,132.52,132.06,132.06,132.14,132.52,132.26,25.13,19.82,1019.19,7.18,28.6,212
2/7/2026 12:25,131.47,131.3,131.28,131.37,131.37,131.36,25.95,18.94,1019.13,7.19,28.9,206
2/7/2026 12:40,123.74,123.63,131.56,132,131.95,128.58,25.48,19.88,1019.08,7.2,29,210
2/7/2026 12:55,123.07,123.43,132.72,132.91,123.07,127.04,24.35,20.11,1018.79,7.2,28.8,210
2/7/2026 13:10,132.9,132.88,134.8,135.26,134.49,134.07,24.71,18.98,1018.92,7.2,29.1,210
2/7/2026 13:25,121.83,122.97,137.13,122.9,136.33,128.23,24.64,20.59,1018.78,7.21,28.9,210
2/7/2026 13:40,134.16,135.07,135.97,125.97,136.36,133.51,24.43,19.86,1018.5,7.22,29.5,212
2/7/2026 13:55,122.9,122.37,123.63,123.19,124.82,123.38,24.57,19.27,1018.65,7.21,29.4,212
2/7/2026 14:10,135.86,137.42,137.9,123.15,136.21,134.11,25.06,18.12,1018.59,7.22,29,210
2/7/2026 14:25,123.17,122.38,122.83,136.34,134.52,127.85,25.2,18.97,1018.64,7.23,28.9,210
2/7/2026 14:40,122.38,136.36,122.38,122.67,137.1,128.18,26,17.25,1018.77,7.24,29.5,212
2/7/2026 14:55,122.3,135.95,129.24,124.03,122.31,126.77,26.45,18.04,1018.69,7.26,28.6,210
2/7/2026 15:10,134.94,135.73,137.11,121.32,135.28,132.87,27.11,17.71,1018.64,7.27,29.1,212
2/7/2026 15:26,123.5,122.23,122.64,123.03,123.46,122.97,27.56,18.31,1018.68,7.29,28.3,216
2/7/2026 15:41,134.37,137.83,137.37,123.87,136.82,134.05,28.98,15.87,1018.77,7.3,28.9,210
2/7/2026 15:56,140.13,139.24,134.97,134.92,136.27,137.11,29.36,15.97,1019.07,7.31,29.1,212
2/7/2026 16:11,122.59,121.4,125.81,122.74,135.45,125.6,29.73,15.51,1019.14,7.33,28.4,210
2/7/2026 16:26,136.43,134.83,136.63,123.12,135.74,133.35,30.17,15.68,1019.09,7.34,29,212
2/7/2026 16:41,135.42,135.47,134.71,135.4,135.85,135.37,29.69,15.09,1019.21,7.36,28.5,210
2/7/2026 16:56,125.9,134.66,134.99,136.62,135.09,133.45,27.99,15.78,1019.37,7.37,28.7,212
2/7/2026 17:11,135.54,135.55,135.66,135.62,135.62,135.6,25.96,17.17,1019.43,7.38,28.2,210
2/7/2026 17:26,135.26,135.67,135.73,135.61,135.61,135.57,22.5,19.63,1019.57,7.38,28.8,212
2/7/2026 17:41,135.97,135.97,136.43,135.5,123.7,133.51,17.36,24.26,1019.92,7.39,29.2,216
2/7/2026 17:56,135.06,134.15,134.2,135.57,135.4,134.87,14.35,25.99,1020.14,7.39,29.3,216
2/7/2026 18:11,135.81,135.83,135.91,135.81,136.27,135.93,12.33,29.9,1020.25,7.38,29.6,220
2/7/2026 18:26,134.82,135.64,134.92,134.82,135.71,135.18,10.59,31.48,1020.69,7.37,29.9,220
2/7/2026 18:41,124.17,136.48,124.65,124.18,136.38,129.17,8.96,32.66,1021.02,7.36,29.8,222
2/7/2026 18:56,137.7,138.13,138.59,138.59,137.68,138.14,7.8,36.35,1021.31,7.36,30.1,222
2/7/2026 19:11,139.24,138.81,138.35,137.89,138.33,138.52,6.9,36.37,1021.57,7.35,30.7,226
2/7/2026 19:26,137.94,137.89,138.35,137.42,137.87,137.89,6.14,44.85,1021.81,7.34,30.3,222
2/7/2026 19:41,138.13,138.13,138.11,137.68,137.7,137.95,5.58,36.62,1021.88,7.33,30.1,222
2/7/2026 19:56,140.06,139.53,138.3,137.53,138.37,138.76,4.88,37.43,1021.94,7.32,30.1,220
2/7/2026 20:11,139.26,138.83,138.35,139.21,138.38,138.81,4.34,36.77,1022.13,7.3,30.8,226
2/7/2026 20:26,139.21,138.78,138.37,138.76,138.74,138.77,3.91,40.14,1022.28,7.29,30.3,220
2/7/2026 20:41,139.36,138.66,139.4,139.46,140.3,139.44,3.63,38.85,1022.54,7.28,29.9,222
2/7/2026 20:56,134.34,136.94,137.03,133.84,134.64,135.36,3.58,49,1023.16,7.26,29.8,222
2/7/2026 21:11,134.66,135.59,138.71,139.16,139.1,137.44,3.75,44.44,1023.48,7.25,30.5,220
2/7/2026 21:26,138.38,138.83,139.74,139.76,139.7,139.28,3.95,43.71,1023.75,7.23,29.9,216
2/7/2026 21:41,137.03,137.94,138.37,138.37,138.85,138.11,3.69,43.35,1023.91,7.22,29.9,216
2/7/2026 21:56,134.83,140.53,136.09,139.67,139.19,138.06,3.58,43.45,1024.15,7.2,29.5,216
2/7/2026 22:11,131.78,136.03,133.94,134.03,134.76,134.11,3.47,43.65,1024.35,7.18,30.8,220
2/7/2026 22:26,139.41,133.82,133.82,135.42,134.59,135.41,3.41,42.62,1024.6,7.16,30.2,220
2/7/2026 22:41,139.02,138.57,139,138.57,134.22,137.88,3.26,42.25,1024.72,7.14,29.4,220
2/7/2026 22:57,132.98,132.54,134.68,134.35,133.91,133.69,3.14,41.95,1024.79,7.13,29.9,212
2/7/2026 23:12,133.84,135.57,139.22,138.76,138.76,137.23,2.94,41.05,1024.93,7.11,29.3,216
2/7/2026 23:27,134.04,132.79,134.52,135.43,134.51,134.26,2.61,40.85,1025.1,7.08,30.4,216
2/7/2026 23:42,135.81,135.36,135.45,137.44,136.17,136.05,2.01,41.45,1025.27,7.06,30.2,212
2/7/2026 23:57,134.85,134.85,134.94,134.82,133.2,134.53,1.93,41.99,1025.42,7.04,29.8,212
2/8/2026 0:12,131.13,130.96,130.92,130.85,130.49,130.87,1.86,42.3,1025.52,7.02,30.6,216
2/8/2026 0:27,129.14,129.14,129.14,129.14,129.12,129.14,1.56,41.59,1025.75,6.99,29.8,212
2/8/2026 0:42,126.34,126.7,126.7,126.55,126.67,126.59,1.07,42.03,1025.98,6.96,30.4,212
2/8/2026 0:57,124.1,123.72,123.7,124.08,124.11,123.94,0.74,43.12,1025.97,6.93,30.6,212
2/8/2026 1:12,121.11,121.49,121.11,121.52,121.49,121.35,0.44,42.98,1026.44,6.9,30.6,210
2/8/2026 1:27,118.59,118.97,118.7,118.99,118.59,118.77,0.28,42.19,1026.61,6.87,29.6,210
2/8/2026 1:42,117.13,116.71,117.13,117.24,117.15,117.07,0,41.78,1026.8,6.83,30.3,206
2/8/2026 1:57,115.47,115.88,115.9,115.99,116,115.85,-0.48,41.94,1026.94,6.79,30.5,206
2/8/2026 2:12,115.54,115.56,115.11,115.11,115.23,115.31,-0.91,43.91,1027.15,6.75,31.1,210
2/8/2026 2:27,116.19,116.19,116.19,116.31,116.31,116.24,-1.31,42.36,1027.08,6.7,30.3,206
2/8/2026 2:42,117.46,117.46,117.56,117.46,117.48,117.48,-1.57,42.63,1027.33,6.65,30.7,206
2/8/2026 2:57,119.83,119.47,119.48,119.48,119.57,119.57,-1.77,43.8,1027.31,6.59,31,204
2/8/2026 3:12,123.38,123.75,123.81,123.74,123.38,123.61,-1.82,46.79,1027.15,6.52,29.6,200
2/8/2026 3:27,129.11,129.02,129.09,129.09,129.09,129.08,-1.82,44.67,1027.07,6.43,31.2,200
2/8/2026 3:42,131.42,131.33,130.91,130.91,130.87,131.09,-1.88,45.76,1027.05,6.32,30.7,194
2/8/2026 3:57,131.51,132.36,132.35,132.35,132.35,132.18,-1.99,43.65,1027.04,6.17,30.6,190
2/8/2026 4:12,132.02,133.75,132.47,132.48,132.59,132.66,-2.18,43.77,1027.08,5.95,30.3,180
2/11/2026 10:55,134.08,133.6,133.65,133.72,133.74,133.76,19.85,70.67,1018.16,5.92,52.6,314
2/11/2026 11:10,133.5,133.17,133.58,133.6,133.62,133.49,21.26,65.11,1018.22,5.96,28.6,170
2/11/2026 11:25,133.82,133.84,133.82,133.91,133.48,133.77,22.08,61.8,1017.81,6.03,28.9,174
2/11/2026 11:40,131.54,133.07,133.41,132.96,133.53,132.9,23.35,57.61,1017.56,6.15,29.5,180
2/11/2026 11:55,133.74,133.26,134.08,133.38,133.36,133.56,22.76,59.45,1017.47,6.15,29.6,184
2/11/2026 12:10,133.96,134.34,133.43,133.55,133.99,133.85,22.67,60.59,1017.28,6.15,28.5,176
2/11/2026 12:25,133.32,133.43,133.77,133.92,133.98,133.68,22.43,59.37,1017.05,6.14,28.7,184
2/11/2026 12:40,133.24,133.63,133.63,133.82,133.72,133.61,23.19,57.2,1016.6,6.16,28.6,176
2/11/2026 12:55,133.84,133.5,133.39,133.5,133.51,133.55,23.56,56.03,1016.13,6.18,28.7,176
2/11/2026 13:10,133.08,133.07,133.44,133.44,133.19,133.25,25.61,50.66,1015.67,6.25,28.9,180
2/11/2026 13:25,132.78,133.15,132.76,132.69,132.86,132.85,29.03,43.29,1015.38,6.31,29,184
2/11/2026 13:40,133.6,133.14,133.55,132.3,131.69,132.85,31.23,38.64,1015.25,6.35,28.9,184
2/11/2026 13:55,132.45,132.83,132.83,132.4,132.9,132.68,32.43,37.27,1014.91,6.4,28.4,180
2/11/2026 14:10,132.76,133.24,132.33,133.17,132.9,132.88,33.85,34.37,1014.58,6.46,29.1,186
2/11/2026 14:25,132.83,132.91,132.83,132.55,133.46,132.92,32.99,34.99,1014.37,6.5,28.6,186
2/11/2026 14:40,123.99,125.16,124.78,124.8,125.16,124.78,33.39,34.62,1014.17,6.57,28.5,186
2/11/2026 14:55,133.41,133.41,126.65,127.66,133.43,130.91,28.64,42.09,1014.14,6.58,28.8,190
2/11/2026 15:10,133.46,133.82,133.82,133.91,133.92,133.79,27.02,45.85,1014.16,6.57,29.1,190
2/11/2026 15:25,133.86,133.5,133.48,134.04,134.49,133.87,26.34,47.76,1014.11,6.56,28.3,186
2/11/2026 15:40,133.7,132.9,133.34,134.15,134.25,133.67,25.32,50.1,1014.08,6.52,28.4,194
2/11/2026 15:55,133.98,133.51,133.53,133.63,133.63,133.66,24.09,53.29,1014.01,6.47,28.4,186
2/11/2026 16:10,134.08,134.1,134.15,134.18,134.18,134.14,23.59,56.5,1014.06,6.4,28.2,184
2/11/2026 16:25,134.08,134.08,134.52,134.2,133.72,134.12,22.25,65.07,1014.36,6.3,29.3,184
2/11/2026 16:40,126.93,127.36,127.37,127.73,127.7,127.42,21.14,69.02,1014.46,6.18,29,180
2/11/2026 16:55,133.7,133.68,133.72,133.82,133.8,133.75,21.3,69.52,1014.64,6.06,29.2,176
2/11/2026 17:10,133.68,134.06,133.67,133.79,133.8,133.8,23.68,61.29,1015.11,6.11,28.3,176
2/11/2026 17:25,133.82,133.79,133.8,134.37,133.94,133.94,21.72,66.39,1015.55,5.92,28.5,170
2/13/2026 10:30,123.21,132.14,123.22,124.54,123.29,125.28,27.31,19.48,1025.3,6.8,52.3,354
2/13/2026 10:45,123.48,135.49,134.01,122.66,123.07,127.74,27.29,19.51,1025.33,6.89,28.4,200
2/13/2026 11:00,123.93,131.4,129.05,133.14,122.57,128.02,25.82,20.53,1025.16,6.94,29,200
2/13/2026 11:15,121.87,122.71,123.27,123.27,122.33,122.69,27.03,20.16,1025.12,7,28.8,200
2/13/2026 11:30,134.23,131.99,121.2,122.37,135.09,128.97,27.43,18.4,1024.92,7.03,29.2,206
2/13/2026 11:45,123.62,136.39,134.04,138.37,123.58,131.2,28.65,17.73,1024.67,7.06,28.4,204
2/13/2026 12:00,133.96,133.17,133.62,134.51,133.6,133.77,26.99,21.2,1024.45,7.09,29,206
2/13/2026 12:15,138.38,138.81,133.77,132.59,132.59,135.23,28.71,18.26,1024.2,7.11,28.9,206
2/13/2026 12:30,123.72,123.89,137.3,136.58,135.61,131.42,29.59,18.07,1023.93,7.12,28.8,206
2/13/2026 12:45,135.24,131.83,122.74,134.63,134.27,131.74,29.05,17.88,1023.67,7.13,28.9,206
2/13/2026 13:00,138.35,134.3,134.56,134.37,133.48,135.01,29.34,16.84,1023.43,7.14,28.8,206
2/13/2026 13:15,138.04,134.75,133.56,136.39,133.44,135.24,29.72,17.72,1023.25,7.14,28.8,206
2/13/2026 13:30,137.78,123.1,123.53,123.57,133.19,128.23,30.01,17.81,1023.03,7.14,29,206
2/13/2026 13:45,122.93,123.65,124.11,134.82,137.15,128.53,29.19,17.16,1022.87,7.14,28.1,210
2/13/2026 14:00,133.15,121.92,121.99,123.7,123.27,124.81,29.47,16.33,1022.84,7.16,29,206
2/13/2026 14:15,121.89,122.26,122.25,133.24,122.78,124.48,28.77,17,1022.74,7.17,28.6,206
2/13/2026 14:30,133.05,133.03,131.76,122.23,132.67,130.55,28.98,18.14,1022.62,7.18,29.2,210
2/13/2026 14:45,123.27,133.65,134.1,133.17,122.81,129.4,29.71,16.02,1022.56,7.2,28.6,206
2/13/2026 15:00,136.41,134.42,134.44,132.72,133.96,134.39,30.34,15.89,1022.54,7.22,28.8,206
2/13/2026 15:15,132.6,131.54,136.93,132.55,131.39,133,30.76,16.47,1022.49,7.23,29.1,210
2/13/2026 15:30,135.45,134.08,133.27,134.28,134.99,134.41,32.18,16.15,1022.4,7.25,28.8,210
2/13/2026 15:45,135.11,121.92,132.6,131.27,135.42,131.26,32.93,15.75,1022.41,7.26,28.8,210
2/13/2026 16:00,131.85,132.72,131.85,123.58,131.52,130.31,33.08,14.79,1022.45,7.28,28.3,206
2/13/2026 16:15,122.93,123.36,133.27,132.83,132.33,128.94,33.01,14.98,1022.51,7.3,28.4,210
2/13/2026 16:30,132.4,131.95,133.24,132.4,133.22,132.64,32.58,18.57,1022.58,7.32,28.9,212
2/13/2026 16:45,134.06,132.69,133.98,134.15,135.3,134.03,31.04,20.16,1022.65,7.33,28.7,210
2/13/2026 17:00,134.11,133.2,132.78,132.9,133.77,133.35,29.9,20.81,1022.7,7.35,28.9,212
2/13/2026 17:15,135.24,134.35,134.35,134.44,134.78,134.63,28.08,22.25,1022.85,7.36,28.5,212
2/13/2026 17:30,134.46,134.46,134.42,134.11,134.47,134.38,21.92,27.73,1022.91,7.37,29.2,216
2/13/2026 17:46,135,135.49,136.03,135.91,135.49,135.58,17.44,30.83,1023.13,7.37,29.6,220
2/13/2026 18:01,131.47,133.08,132.26,133.05,131.9,132.35,14.53,32.62,1023.34,7.37,29.7,220
2/13/2026 18:16,136.21,136.17,137.01,137.01,137.01,136.68,12.49,38.08,1023.56,7.36,30.1,222
2/13/2026 18:31,137.29,137.29,137.3,137.66,137.3,137.37,10.96,35.62,1023.7,7.36,30,220
2/13/2026 18:46,136.12,136.15,136.26,136.15,135.69,136.08,9.83,37.83,1023.75,7.34,30.2,222
2/13/2026 19:01,137.29,137.27,137.27,137.27,136.93,137.2,8.82,37.47,1023.98,7.34,29.6,216
2/13/2026 19:16,138.9,138.88,139.28,139.29,138.9,139.05,8.04,38.33,1024.04,7.32,29.5,220
2/13/2026 19:31,139.21,138.86,138.86,139.24,138.83,139,7.32,39.51,1024.13,7.32,29.6,220
2/13/2026 19:46,137.53,137.51,137.54,137.9,137.58,137.61,6.73,42.1,1024.35,7.3,29.8,226
2/13/2026 20:01,137.78,137.73,137.71,137.71,137.71,137.73,6.2,40.83,1024.58,7.29,29.4,220
2/13/2026 20:16,138.23,137.83,137.78,138.21,137.78,137.97,5.67,41.05,1024.73,7.28,29.6,220
2/13/2026 20:31,137.97,137.94,137.97,137.95,137.97,137.96,5.23,42.67,1024.83,7.26,30,220
2/13/2026 20:46,138.07,137.15,137.97,137.58,138.42,137.84,4.87,45.34,1024.93,7.25,30.1,220
2/13/2026 21:01,137.61,138.01,138.45,137.61,138.9,138.12,4.56,45.76,1025.07,7.23,29.8,216
2/13/2026 21:16,137.25,138.07,137.65,138.07,138.09,137.83,4.23,44.88,1024.99,7.22,29.9,216
2/13/2026 21:31,138.26,138.25,138.25,138.28,139.09,138.42,3.89,45.89,1025.09,7.2,30,216
2/13/2026 21:46,139.12,139.16,139.16,138.83,138.73,139,3.58,45.43,1025.42,7.18,30.2,216
2/13/2026 22:01,137.87,138.31,137.89,137.51,137.97,137.91,3.31,46.12,1025.52,7.17,30.4,220
2/13/2026 22:16,138.06,138.5,138.04,138.5,138.49,138.32,3.06,46.98,1025.54,7.15,30.7,220
2/13/2026 22:31,138.5,138.07,138.52,138.52,138.93,138.51,2.78,47.39,1025.73,7.13,30.6,220
2/13/2026 22:46,138.95,138.47,138.97,138.97,138.16,138.7,2.56,47.53,1025.65,7.11,30.3,216
2/13/2026 23:01,138.16,137.7,137.71,138.14,138.16,137.98,2.38,48.49,1025.56,7.09,30.5,216
2/13/2026 23:16,137.82,138.61,138.62,138.62,138.64,138.46,2.17,49.57,1025.5,7.07,30.3,212
2/13/2026 23:31,138.3,138.26,138.73,138.3,138.71,138.46,1.99,49.02,1025.41,7.04,30,210
2/13/2026 23:46,138.73,138.71,138.26,138.26,138.28,138.45,1.81,49.43,1025.48,7.02,30.4,212
2/14/2026 0:01,138.35,138.38,138.35,137.89,138.35,138.26,1.61,49.81,1025.45,7,29.8,216
2/14/2026 0:16,138.83,138.4,138.85,138.83,138.85,138.75,1.46,50.06,1025.42,6.97,29.9,212
2/14/2026 0:31,138.92,138.93,138.92,139.74,138.9,139.08,1.3,50.47,1025.54,6.94,30.6,212
2/14/2026 0:46,138.93,138.95,138.95,139.43,138.93,139.04,1.15,50.86,1025.59,6.9,30.1,206
2/14/2026 1:01,138.43,138.5,138.5,138.06,138.04,138.31,1.02,51.25,1025.67,6.87,29.5,212
2/14/2026 1:17,138.59,138.16,138.13,138.55,138.57,138.4,0.91,51.79,1025.65,6.84,30.3,206
2/14/2026 1:32,138.95,138.97,138.95,138.61,138.95,138.88,0.73,51.69,1025.53,6.8,30.3,210
2/14/2026 1:47,139.07,139.05,138.25,138.21,138.62,138.64,0.64,52.29,1025.52,6.76,30.3,204
2/14/2026 2:02,138.66,138.71,138.71,138.71,138.69,138.7,0.52,53.4,1025.35,6.71,30.7,206
2/14/2026 2:17,139.16,138.73,137.87,138.73,138.31,138.56,0.37,52.95,1025.25,6.66,30.1,200
2/14/2026 2:32,139.17,139.14,139.14,139.53,139.16,139.23,0.29,53.42,1025.08,6.6,31.1,206
2/14/2026 2:47,139.17,139.6,139.19,139.19,139.19,139.27,0.16,53.68,1024.96,6.53,30.3,196
2/14/2026 3:02,139.19,138.35,139.14,139.65,139.55,139.18,0.08,53.91,1024.99,6.45,30.9,200
2/14/2026 3:17,139.24,139.67,139.62,139.64,139.62,139.56,0.01,53.96,1024.98,6.34,29.7,194
2/14/2026 3:32,139.64,139.57,140.06,139.64,140.49,139.88,-0.11,55.92,1025.09,6.2,30.1,186
2/14/2026 3:47,135.45,136.29,135.09,135.81,137.51,136.03,-0.15,56.14,1025.03,6,30.6,184
2/14/2026 8:10,107.03,106.67,106.67,107.03,106.67,106.82,3.85,58.11,1026.56,5.93,52.9,314
2/14/2026 8:25,108.51,108.49,108.41,108.13,108.15,108.34,12.28,53.89,1026.81,6.11,29.1,176
2/14/2026 8:40,110.81,111.18,111.15,111.15,111.18,111.09,17.32,49.84,1026.85,6.24,29,180
2/14/2026 8:55,114.78,114.42,114.8,114.78,114.78,114.72,22.11,44.22,1026.78,6.4,29.2,186
2/14/2026 9:10,119.9,119.9,119.96,119.9,119.98,119.93,24.59,37.67,1026.84,6.52,29.1,190
2/14/2026 9:25,125.5,125.47,124.92,125.45,125.38,125.35,26.48,29.18,1026.85,6.62,28.5,190
2/14/2026 9:40,132.45,132.35,132.36,123,132.43,130.52,28.41,25.32,1026.98,6.73,28.6,194
2/14/2026 9:55,131.01,132.69,122.61,135.52,133.34,131.03,29.32,22.5,1027.07,6.81,28.1,190
2/14/2026 10:10,132.21,131.78,132.19,133.46,122.85,130.5,29.75,20.92,1027.16,6.89,28.8,200
2/14/2026 10:25,122.31,123.57,123.12,131.42,134.49,126.98,30.01,18.97,1026.98,6.96,28.3,196
2/14/2026 10:40,133.34,131.03,123.12,135.09,134.18,131.35,29.78,18.04,1027.07,7.02,28.5,200
2/14/2026 10:55,132.78,123.7,133.34,134.97,133.7,131.7,29.57,18.1,1027.04,7.07,28.6,204
2/14/2026 11:10,132.66,133.02,133.1,137.8,123.46,132.01,29.48,17.62,1026.98,7.11,28.2,206
2/14/2026 11:25,133.29,132.76,134.92,134.73,135.02,134.14,30.11,17.5,1026.92,7.14,28.7,206
2/14/2026 11:40,133.48,132.38,133.39,130.77,134.99,133,30.37,17.31,1026.68,7.17,27.8,210
2/14/2026 11:55,132.81,132.38,132.4,132.83,132.91,132.67,30.49,18.09,1026.31,7.19,28.8,206
2/14/2026 12:10,121.15,131.85,135.19,134.46,134.92,131.51,30.55,17.36,1026.07,7.21,29.2,210
2/14/2026 12:25,133.1,122.79,133.79,134.9,133.12,131.54,31.09,16.99,1025.78,7.22,28.6,206
2/14/2026 12:40,132.38,132.83,122.42,133.84,133.29,130.95,29.32,18.66,1025.42,7.23,28.4,206
2/14/2026 12:55,133.7,134.78,134.49,134.99,134.06,134.4,29.62,19.21,1025.09,7.24,28.4,210
2/14/2026 13:10,123.5,131.87,131.9,135.36,134.03,131.33,30.47,17.98,1024.71,7.24,28.5,206
2/14/2026 13:25,121.35,120.43,122.16,121.7,122.52,121.63,30.84,19,1024.59,7.24,29.2,212
2/14/2026 13:40,131.99,132.78,121.9,133.79,122.35,128.56,30.54,19.58,1024.21,7.25,28.9,206
2/14/2026 13:55,131.78,123.46,123.91,122.98,130.36,126.5,30.22,19.26,1024.28,7.26,27.9,210
2/14/2026 14:10,124.35,124.42,122.3,122.35,124.3,123.55,29.67,20.38,1024,7.26,28.2,210
2/14/2026 14:25,122.35,133.1,123.17,121.08,123.87,124.71,30.38,19.72,1023.82,7.28,28.6,210
2/14/2026 14:40,132.11,132.72,123.02,123.1,133.82,128.95,30.57,19.45,1023.71,7.29,28.2,210
2/14/2026 14:55,123.26,122.43,121.89,126.14,123.51,123.45,29.66,20.76,1023.28,7.3,28.9,210
2/14/2026 15:10,132.07,134.23,123.69,131.27,132.9,130.83,30.98,19.95,1023.15,7.32,28.7,210
2/14/2026 15:26,124.46,135.33,124.01,121.83,121.95,125.52,30.73,20.31,1023.11,7.33,29.3,212
2/14/2026 15:41,137.87,134.58,135.66,124.03,134.78,133.38,32,19.46,1023.13,7.34,28.5,210
2/14/2026 15:56,133.29,121.22,123.27,134.64,122.43,126.97,32.11,18.65,1023.02,7.35,28.6,210
2/14/2026 16:11,122.43,134.44,124.61,133.87,123.81,127.83,32.76,18.63,1023.22,7.37,28.5,210
2/14/2026 16:26,134.37,135.26,122.98,134.78,133.89,132.26,32.91,18.3,1023.15,7.38,28.2,210
2/14/2026 16:41,134.46,133.63,133.55,136.63,134.56,134.57,32.47,18.6,1023.21,7.39,29.2,216
2/14/2026 16:56,134.85,135.21,134.4,134.87,134.68,134.8,29.08,21.12,1022.99,7.39,28.6,212
2/14/2026 17:11,134.59,134.61,134.59,134.73,134.63,134.63,24.39,23.96,1022.92,7.4,29.2,216
2/14/2026 17:26,134.49,134.47,134.47,134.58,134.49,134.5,21.73,28.05,1022.96,7.4,29.2,216
2/14/2026 17:41,135.26,135.26,135.35,135.24,134.82,135.19,18.34,28.24,1023.18,7.4,29.3,220
2/14/2026 17:56,136.1,136.1,135.79,135.69,135.66,135.87,15.79,29.77,1023.37,7.4,29.2,216
2/14/2026 18:11,135.81,135.81,135.47,135.79,135.35,135.65,13.69,30.84,1023.51,7.39,29.6,220
2/14/2026 18:26,136.36,135.91,136.46,135.93,135.91,136.12,12.07,33.18,1023.35,7.39,29.6,220
2/14/2026 18:41,135.19,135.23,135.3,135.23,135.21,135.23,10.89,34.74,1023.29,7.38,29.5,220
2/14/2026 18:56,134.22,134.23,134.23,134.35,134.25,134.26,10.03,36.49,1023.25,7.38,29.6,220
2/14/2026 19:11,132.91,132.95,133,133,133.02,132.97,9.36,36.72,1023.37,7.36,29.2,220
2/14/2026 19:26,131.81,131.78,131.76,131.76,131.73,131.77,8.72,41.45,1023.6,7.36,30.3,222
2/14/2026 19:41,131.57,131.52,131.54,131.52,131.54,131.54,8.27,38.65,1023.37,7.35,30.7,226
2/14/2026 19:56,131.78,131.69,131.76,131.78,131.76,131.76,8.04,40.9,1023.52,7.34,30.2,222
2/14/2026 20:11,132.47,132.4,132.83,132.42,132.59,132.54,7.97,40.98,1023.55,7.33,30,220
2/14/2026 20:26,133.92,133.92,133.92,125.59,133.91,132.25,8.36,42.54,1023.43,7.32,29.8,220
2/14/2026 20:41,136.1,136.51,136.17,136.14,136.5,136.28,8.78,46.24,1023.43,7.3,30.2,220
2/14/2026 20:56,135.71,124.7,124.23,124.66,124.68,126.8,9.07,49.37,1023.05,7.3,30.2,220
2/14/2026 21:11,136.02,135.61,135.71,125.02,136.14,133.7,9.25,47.11,1023.17,7.28,30,216
2/14/2026 21:26,135.33,125.61,135.26,135.71,135.79,133.54,9.15,46.05,1023.37,7.24,30.2,220
2/14/2026 21:41,136.22,136.24,125.23,135.35,125.23,131.65,8.83,49.7,1023.65,7.25,29.9,216
2/14/2026 21:56,135.73,135.73,135.85,125.16,136.26,133.74,8.73,50.8,1023.42,7.23,29.6,212
2/14/2026 22:11,134.78,134.8,134.87,134.92,134.37,134.75,8.88,50.39,1022.89,7.21,29.5,212
2/14/2026 22:26,135.71,135.33,134.99,124.77,135.81,133.32,8.92,50.1,1022.92,7.2,29.8,216
2/14/2026 22:41,135.69,135.28,135.38,135.28,135.64,135.45,8.98,52.4,1022.55,7.18,30.4,216
2/14/2026 22:57,136.15,136.15,136.29,135.73,136.17,136.1,8.99,49.92,1022.38,7.16,29.8,212
2/14/2026 23:12,135.26,135.24,135.4,135.69,135.73,135.46,9.03,50.22,1022.11,7.15,29.7,212
2/14/2026 23:27,135.71,135.26,135.36,135.71,135.69,135.55,9.08,50.2,1021.93,7.14,29.7,212
2/14/2026 23:42,135.16,135.18,135.24,135.14,135.16,135.18,9.23,55.29,1021.33,7.09,30,212
2/14/2026 23:57,136,135.62,135.73,136.07,135.62,135.81,9.38,52.57,1021.05,7.08,29.6,210
2/15/2026 0:12,135.52,135.5,136.07,135.59,135.5,135.64,9.55,54.26,1020.7,7.05,29.8,210
2/15/2026 0:27,135.5,135.5,135.54,135.86,135.86,135.65,9.79,55.48,1021.07,7.02,30.1,212
2/15/2026 0:42,135.45,135.43,135.52,135.43,135.47,135.46,10,59.19,1021.26,7.01,29.6,210
2/15/2026 0:57,135.47,135.88,135.54,135.86,135.86,135.72,10.11,55.7,1021.11,6.98,30.2,210
2/15/2026 1:12,135.5,135.52,135.62,135.54,135.97,135.63,10.01,56.58,1020.72,6.95,29.9,206
2/15/2026 1:27,136.39,136.36,136.39,136.39,136.39,136.39,9.9,55.86,1020.58,6.92,29.7,206
2/15/2026 1:42,135.59,135.59,136.15,135.62,135.61,135.71,9.84,55.95,1020.44,6.9,29.7,204
2/15/2026 1:57,136.51,136.14,136.62,136.14,136.14,136.31,9.62,56.34,1020.3,6.86,30.1,206
2/15/2026 2:12,135.71,135.71,135.83,135.69,136.17,135.82,9.19,56.53,1020.29,6.83,29.9,204
2/15/2026 2:27,135.74,135.74,135.81,135.26,135.71,135.65,8.89,57.14,1020.19,6.78,29.9,204
2/15/2026 2:42,135.36,135.79,135.88,135.83,135.79,135.73,8.67,56.8,1020.3,6.75,29.7,200
2/15/2026 2:57,135.91,135.49,135.57,135.49,135.47,135.58,8.29,56.76,1020.38,6.71,29.6,200
2/15/2026 3:12,135.91,135.93,136.03,135.55,135.95,135.88,7.99,57.5,1020.3,6.66,30.1,200
2/15/2026 3:27,135.07,136.38,137.41,137.3,134.23,136.08,7.75,57.7,1020.02,6.6,30,196
2/15/2026 3:42,136.07,135.61,136.15,136.87,136.03,136.15,7.57,58.57,1019.85,6.54,29.9,196
2/15/2026 3:57,136.5,136.09,136.58,136.53,136.5,136.44,7.41,58.72,1019.63,6.46,29.5,196
2/15/2026 4:12,135.33,135.35,135.88,136.58,135.31,135.69,7.64,63.25,1019.54,6.36,30.1,190
2/15/2026 4:27,135.93,135.93,136.02,135.49,135.49,135.77,7.77,60.47,1019.55,6.24,29.9,186
2/15/2026 4:42,135.47,133.31,136.38,135.95,136.38,135.5,7.74,60.54,1019.56,6.06,29.6,180
